-- MariaDB dump 10.19  Distrib 10.4.24-MariaDB, for Win64 (AMD64)
--
-- Host: localhost    Database: fyp
-- ------------------------------------------------------
-- Server version	10.4.24-MariaDB

/*!40101 SET @OLD_CHARACTER_SET_CLIENT=@@CHARACTER_SET_CLIENT */;
/*!40101 SET @OLD_CHARACTER_SET_RESULTS=@@CHARACTER_SET_RESULTS */;
/*!40101 SET @OLD_COLLATION_CONNECTION=@@COLLATION_CONNECTION */;
/*!40101 SET NAMES utf8mb4 */;
/*!40103 SET @OLD_TIME_ZONE=@@TIME_ZONE */;
/*!40103 SET TIME_ZONE='+00:00' */;
/*!40014 SET @OLD_UNIQUE_CHECKS=@@UNIQUE_CHECKS, UNIQUE_CHECKS=0 */;
/*!40014 SET @OLD_FOREIGN_KEY_CHECKS=@@FOREIGN_KEY_CHECKS, FOREIGN_KEY_CHECKS=0 */;
/*!40101 SET @OLD_SQL_MODE=@@SQL_MODE, SQL_MODE='NO_AUTO_VALUE_ON_ZERO' */;
/*!40111 SET @OLD_SQL_NOTES=@@SQL_NOTES, SQL_NOTES=0 */;

--
-- Table structure for table `answers`
--

DROP TABLE IF EXISTS `answers`;
/*!40101 SET @saved_cs_client     = @@character_set_client */;
/*!40101 SET character_set_client = utf8 */;
CREATE TABLE `answers` (
  `id` bigint(20) unsigned NOT NULL AUTO_INCREMENT,
  `question_id` bigint(20) unsigned NOT NULL,
  `answer_text` text COLLATE utf8mb4_unicode_ci NOT NULL,
  `correct` char(1) COLLATE utf8mb4_unicode_ci NOT NULL,
  `type` enum('reading','auditory','visual','kinesthetic') COLLATE utf8mb4_unicode_ci DEFAULT NULL,
  `created_at` timestamp NULL DEFAULT NULL,
  `updated_at` timestamp NULL DEFAULT NULL,
  PRIMARY KEY (`id`),
  KEY `answers_question_id_foreign` (`question_id`),
  CONSTRAINT `answers_question_id_foreign` FOREIGN KEY (`question_id`) REFERENCES `questions` (`id`) ON DELETE CASCADE
) ENGINE=InnoDB AUTO_INCREMENT=180 DEFAULT CHARSET=utf8mb4 COLLATE=utf8mb4_unicode_ci;
/*!40101 SET character_set_client = @saved_cs_client */;

--
-- Dumping data for table `answers`
--

LOCK TABLES `answers` WRITE;
/*!40000 ALTER TABLE `answers` DISABLE KEYS */;
INSERT INTO `answers` VALUES (63,17,'A book with lots of pictures in it','y','visual','2022-04-10 15:49:20','2022-04-14 19:04:14'),(64,17,'A book with lots of words in it','n','reading','2022-04-10 15:49:20','2022-04-14 19:04:15'),(65,17,'A book with word searches or crossword puzzles?','n','kinesthetic','2022-04-10 15:49:20','2022-04-14 19:04:15'),(69,19,'Listen to things rather than read about them','n','auditory','2022-04-10 17:19:26','2022-04-14 19:31:24'),(70,19,'Analyse pictures, graphs and charts','y','visual','2022-04-10 17:19:26','2022-04-14 19:31:24'),(71,19,'Handle phsyical objects to understand how they work','n','kinesthetic','2022-04-10 17:19:26','2022-04-14 19:31:24'),(72,20,'Their face','y','visual','2022-04-11 11:35:01','2022-04-14 19:37:31'),(73,20,'Their name','n','reading','2022-04-11 11:35:01','2022-04-14 19:37:31'),(74,20,'A hug','n','kinesthetic','2022-04-11 11:35:01','2022-04-14 19:37:31'),(75,21,'Read a book or notes','y','reading','2022-04-11 11:38:03','2022-04-14 19:37:42'),(76,21,'Get a friend or family member to read you questions aloud','n','auditory','2022-04-11 11:38:03','2022-04-14 19:37:42'),(77,21,'Make index cards','n','kinesthetic','2022-04-11 11:38:03','2022-04-14 19:37:42'),(78,22,'Write out how you think its spelt','y','reading','2022-04-11 11:39:34','2022-04-14 19:37:53'),(79,22,'Spell it out to see if it sounds right','n','auditory','2022-04-11 11:39:34','2022-04-14 19:37:53'),(80,22,'Trace the letters in the air','n','kinesthetic','2022-04-11 11:39:34','2022-04-14 19:37:53'),(81,23,'Really relaxing','y','reading','2022-04-11 11:48:08','2022-04-14 19:38:15'),(82,23,'Takes too long','n','visual','2022-04-11 11:48:08','2022-04-14 19:38:15'),(83,23,'Boring, you\'d rather be outside','n','kinesthetic','2022-04-11 11:48:08','2022-04-14 19:38:15'),(84,24,'Act it out','y','kinesthetic','2022-04-11 11:50:02','2022-04-14 19:38:26'),(85,24,'Tell it aloud','n','auditory','2022-04-11 11:50:02','2022-04-14 19:38:26'),(86,24,'Write it out','n','reading','2022-04-11 11:50:02','2022-04-14 19:38:26'),(87,25,'Have a go and figure it out yourself','y','kinesthetic','2022-04-11 11:54:25','2022-04-14 19:38:36'),(88,25,'Listen to someone explain how to use it','n','auditory','2022-04-11 11:54:25','2022-04-14 19:38:36'),(89,25,'Read the instructions','n','reading','2022-04-11 11:54:25','2022-04-14 19:38:36'),(90,26,'Trust your instincts as you go','y','kinesthetic','2022-04-11 11:55:43','2022-04-14 19:38:47'),(91,26,'Ask for directions','n','auditory','2022-04-11 11:55:43','2022-04-14 19:38:47'),(92,26,'Follow a map','n','visual','2022-04-11 11:55:43','2022-04-14 19:38:47'),(93,27,'4','y','auditory','2022-04-11 12:44:46','2022-04-14 19:39:18'),(94,27,'3','n','visual','2022-04-11 12:44:46','2022-04-11 12:44:46'),(95,27,'Not sure','n','reading','2022-04-11 12:44:46','2022-04-14 19:39:18'),(96,28,'They say it to you','y','auditory','2022-04-11 13:04:53','2022-04-14 19:39:31'),(97,28,'They write it down','n','reading','2022-04-11 13:04:53','2022-04-14 19:39:31'),(98,28,'They give you a demonstration','n','kinesthetic','2022-04-11 13:04:53','2022-04-14 19:39:31'),(99,29,'You sit in a group and discuss','y','auditory','2022-04-11 13:08:35','2022-04-14 19:39:48'),(100,29,'You do it over text message','n','reading','2022-04-11 13:08:35','2022-04-14 19:39:48'),(101,29,'You show them a video about your point','n','visual','2022-04-11 13:08:35','2022-04-14 19:39:48'),(105,17,'Listen to it as an audio book','n','auditory','2022-04-15 15:25:25','2022-04-15 15:25:25'),(106,19,'Read a text book explaining the subject','n','reading','2022-04-15 15:26:49','2022-04-15 15:26:49'),(107,20,'The sound of their name','n','auditory','2022-04-15 15:27:12','2022-04-15 15:27:12'),(108,21,'Record yourself reading notes or listen to a recording on the subject','n','auditory','2022-04-15 15:28:19','2022-04-15 15:28:19'),(109,22,'Draw a picture representing the word','n','visual','2022-04-15 15:33:25','2022-04-15 15:33:25'),(110,23,'Doesnt interest you, an audio book would be better','n','auditory','2022-04-15 15:33:41','2022-04-15 15:38:39'),(114,24,'Draw pictures to show what you mean','n','visual','2022-04-15 16:01:11','2022-04-15 16:01:11'),(115,25,'Watch a video that explains it','n','visual','2022-04-15 16:01:44','2022-04-15 16:01:44'),(116,26,'Read them online','n','reading','2022-04-15 16:03:04','2022-04-15 16:03:04'),(117,27,'You\'d rather have the objects to understand it better','n','kinesthetic','2022-04-15 16:04:30','2022-04-15 16:04:30'),(118,28,'They show you a picture of what to do','n','visual','2022-04-15 16:05:12','2022-04-15 16:05:12'),(119,29,'You can create a presentation to show your point of view','n','kinesthetic','2022-04-15 16:06:46','2022-04-15 16:06:46'),(120,35,'Poem','n',NULL,'2022-04-26 14:30:50','2022-04-26 14:54:43'),(121,35,'Novel','y',NULL,'2022-04-26 14:30:50','2022-04-26 14:54:43'),(122,35,'Newspaper Article','n',NULL,'2022-04-26 14:30:50','2022-04-26 14:45:09'),(123,36,'Ballad','n',NULL,'2022-04-26 14:32:00','2022-04-26 14:32:00'),(124,36,'Revenge Tragedy','n',NULL,'2022-04-26 14:32:00','2022-04-26 14:32:00'),(125,36,'Science Fiction','y',NULL,'2022-04-26 14:32:00','2022-04-26 14:32:00'),(126,37,'From Latin and Italian origin meaning ‘new’','y',NULL,'2022-04-26 14:32:30','2022-04-26 14:55:10'),(127,37,'From French and Italian origin meaning ‘words’','n',NULL,'2022-04-26 14:32:30','2022-04-26 14:32:30'),(128,37,'From German origin meaning ‘book’','n',NULL,'2022-04-26 14:32:30','2022-04-26 14:55:10'),(129,38,'Lord of the Flies','n',NULL,'2022-04-26 14:32:59','2022-04-26 14:55:19'),(130,38,'A Christmas Carol','y',NULL,'2022-04-26 14:32:59','2022-04-26 14:55:19'),(131,38,'Jabberwocky','n',NULL,'2022-04-26 14:32:59','2022-04-26 14:32:59'),(132,39,'In the 18th century','y',NULL,'2022-04-26 14:34:33','2022-04-26 14:34:33'),(133,39,'In the time of the Romans','n',NULL,'2022-04-26 14:34:33','2022-04-26 14:34:33'),(134,39,'In the 21st century','n',NULL,'2022-04-26 14:34:33','2022-04-26 14:34:33'),(135,40,'5','n',NULL,'2022-04-26 14:34:44','2022-04-26 14:55:31'),(136,40,'3','n',NULL,'2022-04-26 14:34:44','2022-04-26 14:34:44'),(137,40,'1','y',NULL,'2022-04-26 14:34:44','2022-04-26 14:55:31'),(138,41,'Into stanzas','n',NULL,'2022-04-26 14:35:13','2022-04-26 14:55:45'),(139,41,'Into chapters','y',NULL,'2022-04-26 14:35:13','2022-04-26 14:55:45'),(140,41,'Into acts and scenes','n',NULL,'2022-04-26 14:35:13','2022-04-26 14:35:13'),(141,42,'Nineteen Eighty-Four','y',NULL,'2022-04-26 14:35:33','2022-04-26 14:35:33'),(142,42,'Nineteen Eighty-Six','n',NULL,'2022-04-26 14:35:33','2022-04-26 14:35:33'),(143,42,'Nineteen Ninety-Nine','n',NULL,'2022-04-26 14:35:33','2022-04-26 14:35:33'),(144,43,'Historical fiction','y',NULL,'2022-04-26 14:35:52','2022-04-26 14:35:52'),(145,43,'Science fiction','n',NULL,'2022-04-26 14:35:52','2022-04-26 14:35:52'),(146,43,'Realist fiction','n',NULL,'2022-04-26 14:35:52','2022-04-26 14:35:52'),(147,44,'Several hundred','n',NULL,'2022-04-26 14:36:09','2022-04-26 14:56:02'),(148,44,'Several thousand','y',NULL,'2022-04-26 14:36:09','2022-04-26 14:56:02'),(149,44,'Several hundreds of thousands','n',NULL,'2022-04-26 14:36:09','2022-04-26 14:36:09'),(150,45,'Time and place','y',NULL,'2022-04-26 15:13:09','2022-04-26 15:25:02'),(151,45,'Time and characters','n',NULL,'2022-04-26 15:13:09','2022-04-26 15:13:09'),(152,45,'Structure and place','n',NULL,'2022-04-26 15:13:09','2022-04-26 15:25:02'),(153,46,'Where the writer lives','n',NULL,'2022-04-26 15:13:22','2022-04-26 15:25:15'),(154,46,'Themes','y',NULL,'2022-04-26 15:13:22','2022-04-26 15:25:15'),(155,46,'Proofreading','n',NULL,'2022-04-26 15:13:22','2022-04-26 15:13:22'),(156,47,'Dawn','n',NULL,'2022-04-26 15:13:37','2022-04-26 15:25:24'),(157,47,'Night-time','y',NULL,'2022-04-26 15:13:37','2022-04-26 15:25:24'),(158,47,'Midday','n',NULL,'2022-04-26 15:13:37','2022-04-26 15:13:37'),(159,48,'A science fiction piece of writing','n',NULL,'2022-04-26 15:14:02','2022-04-26 15:25:34'),(160,48,'A light-hearted, amusing piece of fiction','n',NULL,'2022-04-26 15:14:02','2022-04-26 15:14:02'),(161,48,'A serious and moving piece of fiction','y',NULL,'2022-04-26 15:14:02','2022-04-26 15:25:34'),(162,49,'An atmosphere of luxury and romance','y',NULL,'2022-04-26 15:21:43','2022-04-26 15:21:43'),(163,49,'An atmosphere of fear and uncertainty','n',NULL,'2022-04-26 15:21:43','2022-04-26 15:21:43'),(164,49,'An atmosphere of excitement and danger','n',NULL,'2022-04-26 15:21:43','2022-04-26 15:21:43'),(165,50,'Alliteration','n',NULL,'2022-04-26 15:23:14','2022-04-26 15:25:49'),(166,50,'Rhetorical question','n',NULL,'2022-04-26 15:23:14','2022-04-26 15:23:14'),(167,50,'Pathetic fallacy','y',NULL,'2022-04-26 15:23:14','2022-04-26 15:25:49'),(168,51,'The time of day','n',NULL,'2022-04-26 15:23:41','2022-04-26 15:26:10'),(169,51,'The weather','y',NULL,'2022-04-26 15:23:41','2022-04-26 15:26:10'),(170,51,'The season','n',NULL,'2022-04-26 15:23:41','2022-04-26 15:23:41'),(171,52,'Immorality','y',NULL,'2022-04-26 15:24:00','2022-04-26 15:24:00'),(172,52,'Love','n',NULL,'2022-04-26 15:24:00','2022-04-26 15:24:00'),(173,52,'Nature','n',NULL,'2022-04-26 15:24:00','2022-04-26 15:24:00'),(174,53,'Fictional (made-up)','n',NULL,'2022-04-26 15:24:16','2022-04-26 15:26:33'),(175,53,'Real','n',NULL,'2022-04-26 15:24:16','2022-04-26 15:24:16'),(176,53,'Either – it can be real or fictional (made-up)','y',NULL,'2022-04-26 15:24:16','2022-04-26 15:26:33'),(177,54,'An empty, litter filled field the day after a music festival','n',NULL,'2022-04-26 15:24:32','2022-04-26 15:26:44'),(178,54,'A crowded beach on a sunny bank holiday','n',NULL,'2022-04-26 15:24:32','2022-04-26 15:24:32'),(179,54,'A deserted farm house in a remote snowy landscape','y',NULL,'2022-04-26 15:24:32','2022-04-26 15:26:44');
/*!40000 ALTER TABLE `answers` ENABLE KEYS */;
UNLOCK TABLES;

--
-- Table structure for table `changelogs`
--

DROP TABLE IF EXISTS `changelogs`;
/*!40101 SET @saved_cs_client     = @@character_set_client */;
/*!40101 SET character_set_client = utf8 */;
CREATE TABLE `changelogs` (
  `id` bigint(20) unsigned NOT NULL AUTO_INCREMENT,
  `resource_id` bigint(20) unsigned NOT NULL,
  `user_id` bigint(20) unsigned NOT NULL,
  `created_at` timestamp NULL DEFAULT NULL,
  `updated_at` timestamp NULL DEFAULT NULL,
  PRIMARY KEY (`id`),
  KEY `changelogs_resource_id_foreign` (`resource_id`),
  KEY `changelogs_user_id_foreign` (`user_id`),
  CONSTRAINT `changelogs_resource_id_foreign` FOREIGN KEY (`resource_id`) REFERENCES `resources` (`id`) ON DELETE CASCADE,
  CONSTRAINT `changelogs_user_id_foreign` FOREIGN KEY (`user_id`) REFERENCES `users` (`id`)
) ENGINE=InnoDB AUTO_INCREMENT=84 DEFAULT CHARSET=utf8mb4 COLLATE=utf8mb4_unicode_ci;
/*!40101 SET character_set_client = @saved_cs_client */;

--
-- Dumping data for table `changelogs`
--

LOCK TABLES `changelogs` WRITE;
/*!40000 ALTER TABLE `changelogs` DISABLE KEYS */;
INSERT INTO `changelogs` VALUES (20,1,2,'2022-04-26 21:35:32','2022-04-26 21:35:32'),(21,1,2,'2022-04-26 21:37:53','2022-04-26 21:37:53'),(26,1,2,'2022-04-28 20:55:49','2022-04-28 20:55:49'),(27,1,2,'2022-04-28 20:55:53','2022-04-28 20:55:53'),(28,1,2,'2022-04-28 20:55:55','2022-04-28 20:55:55'),(47,29,2,'2022-04-29 01:32:21','2022-04-29 01:32:21'),(48,1,2,'2022-04-29 01:32:28','2022-04-29 01:32:28'),(49,29,2,'2022-04-29 01:32:55','2022-04-29 01:32:55'),(50,30,2,'2022-04-29 01:32:58','2022-04-29 01:32:58'),(51,30,2,'2022-04-29 01:33:00','2022-04-29 01:33:00'),(52,30,2,'2022-04-29 01:33:02','2022-04-29 01:33:02'),(53,29,2,'2022-04-29 01:35:31','2022-04-29 01:35:31'),(54,30,2,'2022-04-29 01:35:38','2022-04-29 01:35:38'),(55,29,2,'2022-04-29 01:35:40','2022-04-29 01:35:40'),(56,30,2,'2022-04-29 01:35:42','2022-04-29 01:35:42'),(57,30,2,'2022-04-29 01:35:45','2022-04-29 01:35:45'),(58,29,2,'2022-04-29 11:06:30','2022-04-29 11:06:30'),(59,28,2,'2022-04-29 11:07:53','2022-04-29 11:07:53'),(60,22,2,'2022-04-29 11:31:37','2022-04-29 11:31:37'),(61,20,2,'2022-04-29 11:31:39','2022-04-29 11:31:39'),(62,19,2,'2022-04-29 11:31:42','2022-04-29 11:31:42'),(63,22,2,'2022-04-29 17:38:54','2022-04-29 17:38:54'),(64,26,2,'2022-04-29 17:39:43','2022-04-29 17:39:43'),(65,26,2,'2022-04-29 17:39:51','2022-04-29 17:39:51'),(66,18,2,'2022-04-29 17:40:53','2022-04-29 17:40:53'),(67,1,2,'2022-04-29 18:25:16','2022-04-29 18:25:16'),(68,29,2,'2022-04-29 18:25:20','2022-04-29 18:25:20'),(69,19,2,'2022-04-29 18:38:00','2022-04-29 18:38:00'),(70,19,2,'2022-04-29 18:38:02','2022-04-29 18:38:02'),(71,19,2,'2022-04-29 18:38:03','2022-04-29 18:38:03'),(72,18,2,'2022-04-29 18:38:05','2022-04-29 18:38:05'),(73,21,2,'2022-04-29 18:38:07','2022-04-29 18:38:07'),(74,21,2,'2022-05-01 18:42:58','2022-05-01 18:42:58'),(75,18,2,'2022-05-01 18:50:44','2022-05-01 18:50:44'),(76,23,2,'2022-05-01 18:53:26','2022-05-01 18:53:26'),(77,18,2,'2022-05-01 20:01:35','2022-05-01 20:01:35'),(78,22,2,'2022-05-01 20:01:41','2022-05-01 20:01:41'),(79,26,2,'2022-05-01 20:10:40','2022-05-01 20:10:40'),(80,24,2,'2022-05-01 20:10:42','2022-05-01 20:10:42'),(81,26,2,'2022-05-01 20:10:44','2022-05-01 20:10:44'),(82,26,2,'2022-05-01 20:10:45','2022-05-01 20:10:45'),(83,24,2,'2022-05-01 20:10:47','2022-05-01 20:10:47');
/*!40000 ALTER TABLE `changelogs` ENABLE KEYS */;
UNLOCK TABLES;

--
-- Table structure for table `failed_jobs`
--

DROP TABLE IF EXISTS `failed_jobs`;
/*!40101 SET @saved_cs_client     = @@character_set_client */;
/*!40101 SET character_set_client = utf8 */;
CREATE TABLE `failed_jobs` (
  `id` bigint(20) unsigned NOT NULL AUTO_INCREMENT,
  `uuid` varchar(255) COLLATE utf8mb4_unicode_ci NOT NULL,
  `connection` text COLLATE utf8mb4_unicode_ci NOT NULL,
  `queue` text COLLATE utf8mb4_unicode_ci NOT NULL,
  `payload` longtext COLLATE utf8mb4_unicode_ci NOT NULL,
  `exception` longtext COLLATE utf8mb4_unicode_ci NOT NULL,
  `failed_at` timestamp NOT NULL DEFAULT current_timestamp(),
  PRIMARY KEY (`id`),
  UNIQUE KEY `failed_jobs_uuid_unique` (`uuid`)
) ENGINE=InnoDB DEFAULT CHARSET=utf8mb4 COLLATE=utf8mb4_unicode_ci;
/*!40101 SET character_set_client = @saved_cs_client */;

--
-- Dumping data for table `failed_jobs`
--

LOCK TABLES `failed_jobs` WRITE;
/*!40000 ALTER TABLE `failed_jobs` DISABLE KEYS */;
/*!40000 ALTER TABLE `failed_jobs` ENABLE KEYS */;
UNLOCK TABLES;

--
-- Table structure for table `migrations`
--

DROP TABLE IF EXISTS `migrations`;
/*!40101 SET @saved_cs_client     = @@character_set_client */;
/*!40101 SET character_set_client = utf8 */;
CREATE TABLE `migrations` (
  `id` int(10) unsigned NOT NULL AUTO_INCREMENT,
  `migration` varchar(255) COLLATE utf8mb4_unicode_ci NOT NULL,
  `batch` int(11) NOT NULL,
  PRIMARY KEY (`id`)
) ENGINE=InnoDB AUTO_INCREMENT=25 DEFAULT CHARSET=utf8mb4 COLLATE=utf8mb4_unicode_ci;
/*!40101 SET character_set_client = @saved_cs_client */;

--
-- Dumping data for table `migrations`
--

LOCK TABLES `migrations` WRITE;
/*!40000 ALTER TABLE `migrations` DISABLE KEYS */;
INSERT INTO `migrations` VALUES (1,'2014_10_12_000000_create_users_table',1),(2,'2014_10_12_100000_create_password_resets_table',1),(3,'2014_10_12_200000_add_two_factor_columns_to_users_table',1),(4,'2019_08_19_000000_create_failed_jobs_table',1),(5,'2019_12_14_000001_create_personal_access_tokens_table',1),(6,'2020_05_21_100000_create_teams_table',1),(7,'2020_05_21_200000_create_team_user_table',1),(8,'2020_05_21_300000_create_team_invitations_table',1),(9,'2022_01_28_141453_create_sessions_table',1),(10,'2022_02_16_141752_create_subjects_table',1),(11,'2022_02_16_141848_create_modules_table',1),(12,'2022_02_16_141856_create_sub_modules_table',1),(13,'2022_02_16_142003_create_tests_table',1),(14,'2022_02_16_142159_create_questions_table',1),(15,'2022_02_16_142958_create_resources_table',1),(16,'2022_02_16_143713_create_verification_requests_table',1),(17,'2022_02_16_145649_create_changelogs_table',1),(18,'2022_02_16_151645_create_test_user_table',1),(19,'2022_02_16_155839_create_answers_table',1),(20,'2022_03_23_160953_create_tags_table',1),(21,'2022_03_23_161239_create_resource_tag_table',1),(24,'2022_04_14_191509_add_type_to_answers_table',2);
/*!40000 ALTER TABLE `migrations` ENABLE KEYS */;
UNLOCK TABLES;

--
-- Table structure for table `modules`
--

DROP TABLE IF EXISTS `modules`;
/*!40101 SET @saved_cs_client     = @@character_set_client */;
/*!40101 SET character_set_client = utf8 */;
CREATE TABLE `modules` (
  `id` bigint(20) unsigned NOT NULL AUTO_INCREMENT,
  `module_name` varchar(40) COLLATE utf8mb4_unicode_ci NOT NULL,
  `subject_id` bigint(20) unsigned NOT NULL,
  `description` text COLLATE utf8mb4_unicode_ci NOT NULL,
  `created_at` timestamp NULL DEFAULT NULL,
  `updated_at` timestamp NULL DEFAULT NULL,
  PRIMARY KEY (`id`),
  KEY `modules_subject_id_foreign` (`subject_id`),
  CONSTRAINT `modules_subject_id_foreign` FOREIGN KEY (`subject_id`) REFERENCES `subjects` (`id`) ON DELETE CASCADE ON UPDATE CASCADE
) ENGINE=InnoDB AUTO_INCREMENT=91 DEFAULT CHARSET=utf8mb4 COLLATE=utf8mb4_unicode_ci;
/*!40101 SET character_set_client = @saved_cs_client */;

--
-- Dumping data for table `modules`
--

LOCK TABLES `modules` WRITE;
/*!40000 ALTER TABLE `modules` DISABLE KEYS */;
INSERT INTO `modules` VALUES (1,'Analysing Fiction',1,'Fiction is usually made up by the writer. Fiction texts could be based on the writer’s own life experiences or come from their imagination (or be a mixture of the two)','2022-04-06 11:46:28','2022-04-06 11:46:28'),(2,'Analysing Non-Fiction',1,'Exploring the types, audience, purpose and structure of non-fiction texts','2022-04-06 11:46:28','2022-04-06 11:46:28'),(3,'Comparing Texts',1,'Comparing involves directly linking texts through their similarities and differences. It is important to move equally between the two texts, and write about them together, not separately.','2022-04-06 11:46:28','2022-04-06 11:46:28'),(4,'Writing',1,'How to write the different kinds of text types including purpose, form, planning and organising ideas','2022-04-06 11:46:28','2022-04-06 11:46:28'),(5,'Spelling, Punctuation and Grammar',1,'An in-depth look at how spelling, punctuation and grammar affects your writing','2022-04-06 11:46:28','2022-04-06 11:46:28'),(6,'Spoken Language',1,'Exploring the factors that effect your spoken language such as personal presence, voice, responding and interacting','2022-04-06 11:46:28','2022-04-06 11:46:28'),(7,'Shakespeare',2,'In this module we will cover many of Shakespeare\'s important works','2022-04-06 11:46:28','2022-04-06 11:46:28'),(8,'Cell Biology',5,'A look at the workings and make up of cells such as structure and cell division','2022-04-06 11:46:28','2022-04-06 11:46:28'),(9,'Organisation',5,'In-depth look at the organisation of the different types of cells','2022-04-06 11:46:28','2022-04-06 11:46:28'),(10,'Infection and Response',5,'Exploring diseases, how they spread and how they might be treated or cured','2022-04-06 11:46:28','2022-04-06 11:46:28'),(11,'Bioenergetics',5,'Discovering the mechanisms behind energy creation in plants and organisms','2022-04-06 11:46:28','2022-04-06 11:46:28'),(12,'Homeostasis and Response',5,'Exploring the human nervous and endocrine systems, hormones, homeostasis and plant hormones','2022-04-06 11:46:28','2022-04-06 11:46:28'),(13,'Inheritance and Evolution',5,'Exploring the mechanics of inheritance through the genome and genes, genetic inheritance, variation and evolution','2022-04-06 11:46:28','2022-04-06 11:46:28'),(14,'Ecology',5,'The study of the relationships between living organisms, including humans, and their physical environment; it seeks to understand the vital connections between plants and animals and the world around them.','2022-04-06 11:46:28','2022-04-06 11:46:28'),(15,'Practical Skills',5,'Scientific investigations have several stages - planning, collecting data, analysing data and evaluation. It is important to understand how to carry out each stage of the investigation.','2022-04-06 11:46:28','2022-04-06 11:46:28'),(16,'Atomic Structure',6,'Exploring diseases, how they spread and how they might be treated or cured','2022-04-06 11:46:28','2022-04-06 11:46:28'),(17,'Properties of Matter',6,'Looking at bonding, structure, the 3 states of matter, compounds and metals and alloys','2022-04-06 11:46:28','2022-04-06 11:46:28'),(18,'Quantitative Chemistry',6,'The calculations involved in chemistry to obtain masses, concentration of solutions and percentage yield','2022-04-06 11:46:28','2022-04-06 11:46:28'),(19,'Chemical Changes',6,'Chemical changes occur when a substance combines with another to form a new substance, called chemical synthesis or, alternatively, chemical decomposition into two or more different substances.','2022-04-06 11:46:28','2022-04-06 11:46:28'),(20,'Energy Exchanges',6,'Energy exchanges occur in exothermic and endothermic reactions as well as in chemical cells such as batteries','2022-04-06 11:46:28','2022-04-06 11:46:28'),(21,'Areas of Study',8,'Exploring the mediums of art such as ceramics, drawing and painting','2022-04-06 11:46:28','2022-04-06 11:46:28'),(22,'Creative Process',8,'A look at the process involved in creating art such as inspiration, responding to stimuli, developing ideas and analysis and evaluation','2022-04-06 11:46:28','2022-04-06 11:46:28'),(23,'Elements of Art',8,'Looking at the elements that create a piece of art such as colour, tone and shape','2022-04-06 11:46:28','2022-04-06 11:46:28'),(24,'Principles of Design',8,'Looking at the basic principles of design','2022-04-06 11:46:28','2022-04-06 11:46:28'),(25,'Business in the real world',9,'Examining the the factors that effect businesses in the real world','2022-04-06 11:46:28','2022-04-06 11:46:28'),(26,'Influences on Business',9,'Examining the influences on businesses such as technology, ethical and environmental issues and legislation','2022-04-06 11:46:28','2022-04-06 11:46:28'),(27,'Business Operations',9,'Exploring the operations of a business','2022-04-06 11:46:28','2022-04-06 11:46:28'),(28,'Human Resources',9,'Businesses have many different roles and responsibilities and need staff to carry them out. The role of human resources is to identify the needs of the business and ensure that they are met.','2022-04-06 11:46:28','2022-04-06 11:46:28'),(29,'Marketing',9,'Identifying and understanding customer needs and the elements of the marketing mix','2022-04-06 11:46:28','2022-04-06 11:46:28'),(30,'Finance',9,'Identifying how finance can effect a business and its performance','2022-04-06 11:46:28','2022-04-06 11:46:28'),(61,'The rate and extent of chemical change',6,'Measuring rates of reactions and if reactions can be reversible','2022-04-28 21:53:13','2022-04-28 21:53:13'),(62,'Organic chemistry',6,'Looking at organic carbons and alkanes','2022-04-28 21:53:43','2022-04-28 21:53:43'),(63,'Chemical analysis',6,'Analysing and identifying substnaces using various methods','2022-04-28 21:54:31','2022-04-28 21:54:31'),(64,'Chemistry of the atmosphere',6,'Looking at how the atmosphere develops and what is required as well as pollution and how this affects it','2022-04-28 21:55:21','2022-04-28 21:55:21'),(65,'Using resources',6,'Looking at how we use resources and ways of reducing our comsumption','2022-04-28 21:56:18','2022-04-28 21:56:18'),(66,'Computational thinking & problem solving',10,'Looking at algorithms, programming constructs and techniques and types of programming language','2022-04-28 22:00:08','2022-04-28 22:00:08'),(67,'Theoretical knowledge',10,'Going through the core theory of computer systems including layout and design, funcdamentals of networks, network topologies and cyber security','2022-04-28 22:01:40','2022-04-28 22:01:40'),(69,'Building blocks',4,'Looking at matter states, atomic structure, cells and cell division','2022-04-28 22:18:51','2022-04-28 22:18:51'),(70,'Transport over larger distances',4,'A look at transport systems such as repiration, the digestive system, photosythesis and more','2022-04-28 22:20:10','2022-04-28 22:20:10'),(71,'Interactions with the environment',4,'Investigating how envrionment affects health, homestasis, reproduction and treaing and curing diseases','2022-04-28 22:21:35','2022-04-28 22:21:35'),(72,'Explaining change',4,'Looking at changes in the atmosphere, water, ecosystems, inheritance and evolution','2022-04-28 22:22:40','2022-04-28 22:22:40'),(73,'Building blocks for understanding',4,'Investigating the periodic table, chemical equations and calculations','2022-04-28 22:23:23','2022-04-28 22:23:23'),(74,'Interactions in small & large distances',4,'A look at forces, energy chnages, compounds, bonding metals and magnetisim','2022-04-28 22:24:25','2022-04-28 22:24:25'),(75,'Movement and interactions',4,'Investigating movement involving motion, gravity, Newton\'s laws and electricity. Interactions involves acids and alkalis, reactions and energy rates','2022-04-28 22:26:27','2022-04-28 22:26:27'),(76,'Guiding Earth towards sustainability',4,'A look at carbon chemistry, material and energy resources and how we use them','2022-04-28 22:28:23','2022-04-28 22:28:23'),(77,'Core technical principles',11,'Looking atr the core principles that make up the subject such as new and emerging technologies, energy generation and new matieral developments','2022-04-28 23:50:47','2022-04-28 23:50:47'),(78,'Specialist technical principles',11,'Investigating how to work with different kinds of materials and what techniques would be required','2022-04-28 23:51:28','2022-04-28 23:51:28'),(79,'Designing and making principles',11,'A walk through of a project and the steps required to go from investigation to evaluation','2022-04-28 23:52:16','2022-04-28 23:52:16'),(80,'Digital technology',12,'A compulsory part of the subject cover the core concepts','2022-04-28 23:55:48','2022-04-28 23:55:48'),(81,'Digital authoring concepts',12,'A more in depth look at multimedia creation such as designing solutions, database development and testing','2022-04-28 23:57:01','2022-04-28 23:57:01'),(82,'Digital authoring practice',12,'A look at the concepts in practice to give students a better understanding of how to apply theory','2022-04-28 23:57:50','2022-04-28 23:57:50'),(83,'Digital development concepts',12,'A look at programming concepts such as design principles, digital data, error handling and programming constructs','2022-04-28 23:58:44','2022-04-28 23:58:44'),(84,'Digital development practice',12,'Applying the concepts used in the concepts module to create and build a solution','2022-04-28 23:59:40','2022-04-28 23:59:40'),(85,'Understanding drama and theatre',13,'A look at roles in the theatre, characteristics of dramatic work, staging and stage positioning','2022-04-29 00:08:17','2022-04-29 00:08:17'),(86,'Performing characters',13,'Investigating what is needed to bring a character to life','2022-04-29 00:09:18','2022-04-29 00:09:18'),(87,'Theatre design',13,'The building block of theatre design and creating the perfect scences','2022-04-29 00:10:28','2022-04-29 00:10:28'),(88,'Devising',13,'To devise a performance you will need to have learnt the concepts in this module which covers key areas and ideas','2022-04-29 00:11:54','2022-04-29 00:11:54'),(89,'Scripted drama',13,'Looking at what makes a piece of scripted drama and how to perform a script','2022-04-29 00:13:51','2022-04-29 00:13:51'),(90,'Written exam',13,'Guidance on how to answer exam questions and live theatre evaluation','2022-04-29 00:14:57','2022-04-29 00:14:57');
/*!40000 ALTER TABLE `modules` ENABLE KEYS */;
UNLOCK TABLES;

--
-- Table structure for table `password_resets`
--

DROP TABLE IF EXISTS `password_resets`;
/*!40101 SET @saved_cs_client     = @@character_set_client */;
/*!40101 SET character_set_client = utf8 */;
CREATE TABLE `password_resets` (
  `email` varchar(255) COLLATE utf8mb4_unicode_ci NOT NULL,
  `token` varchar(255) COLLATE utf8mb4_unicode_ci NOT NULL,
  `created_at` timestamp NULL DEFAULT NULL,
  KEY `password_resets_email_index` (`email`)
) ENGINE=InnoDB DEFAULT CHARSET=utf8mb4 COLLATE=utf8mb4_unicode_ci;
/*!40101 SET character_set_client = @saved_cs_client */;

--
-- Dumping data for table `password_resets`
--

LOCK TABLES `password_resets` WRITE;
/*!40000 ALTER TABLE `password_resets` DISABLE KEYS */;
INSERT INTO `password_resets` VALUES ('user@email.com','$2y$10$33D13.NS8NJx3dF89oGu7e1GGAaawQ6F7uSAOs5tEG5DamvV9tQ..','2022-05-01 18:32:57');
/*!40000 ALTER TABLE `password_resets` ENABLE KEYS */;
UNLOCK TABLES;

--
-- Table structure for table `personal_access_tokens`
--

DROP TABLE IF EXISTS `personal_access_tokens`;
/*!40101 SET @saved_cs_client     = @@character_set_client */;
/*!40101 SET character_set_client = utf8 */;
CREATE TABLE `personal_access_tokens` (
  `id` bigint(20) unsigned NOT NULL AUTO_INCREMENT,
  `tokenable_type` varchar(255) COLLATE utf8mb4_unicode_ci NOT NULL,
  `tokenable_id` bigint(20) unsigned NOT NULL,
  `name` varchar(255) COLLATE utf8mb4_unicode_ci NOT NULL,
  `token` varchar(64) COLLATE utf8mb4_unicode_ci NOT NULL,
  `abilities` text COLLATE utf8mb4_unicode_ci DEFAULT NULL,
  `last_used_at` timestamp NULL DEFAULT NULL,
  `created_at` timestamp NULL DEFAULT NULL,
  `updated_at` timestamp NULL DEFAULT NULL,
  PRIMARY KEY (`id`),
  UNIQUE KEY `personal_access_tokens_token_unique` (`token`),
  KEY `personal_access_tokens_tokenable_type_tokenable_id_index` (`tokenable_type`,`tokenable_id`)
) ENGINE=InnoDB DEFAULT CHARSET=utf8mb4 COLLATE=utf8mb4_unicode_ci;
/*!40101 SET character_set_client = @saved_cs_client */;

--
-- Dumping data for table `personal_access_tokens`
--

LOCK TABLES `personal_access_tokens` WRITE;
/*!40000 ALTER TABLE `personal_access_tokens` DISABLE KEYS */;
/*!40000 ALTER TABLE `personal_access_tokens` ENABLE KEYS */;
UNLOCK TABLES;

--
-- Table structure for table `questions`
--

DROP TABLE IF EXISTS `questions`;
/*!40101 SET @saved_cs_client     = @@character_set_client */;
/*!40101 SET character_set_client = utf8 */;
CREATE TABLE `questions` (
  `id` bigint(20) unsigned NOT NULL AUTO_INCREMENT,
  `description` text COLLATE utf8mb4_unicode_ci NOT NULL,
  `type` enum('reading','auditory','visual','kinesthetic') COLLATE utf8mb4_unicode_ci NOT NULL,
  `test_id` bigint(20) unsigned NOT NULL,
  `created_at` timestamp NULL DEFAULT NULL,
  `updated_at` timestamp NULL DEFAULT NULL,
  PRIMARY KEY (`id`),
  KEY `questions_test_id_foreign` (`test_id`),
  CONSTRAINT `questions_test_id_foreign` FOREIGN KEY (`test_id`) REFERENCES `tests` (`id`) ON DELETE CASCADE
) ENGINE=InnoDB AUTO_INCREMENT=55 DEFAULT CHARSET=utf8mb4 COLLATE=utf8mb4_unicode_ci;
/*!40101 SET character_set_client = @saved_cs_client */;

--
-- Dumping data for table `questions`
--

LOCK TABLES `questions` WRITE;
/*!40000 ALTER TABLE `questions` DISABLE KEYS */;
INSERT INTO `questions` VALUES (17,'What kind of book would you like to read for fun?','visual',6,'2022-04-10 15:48:05','2022-04-14 19:47:43'),(19,'You prefer to:','visual',6,'2022-04-10 17:17:41','2022-04-10 17:17:41'),(20,'You\'re most likely to remember someone by:','visual',6,'2022-04-11 11:34:43','2022-04-11 11:35:11'),(21,'How do you best study for an exam?','reading',6,'2022-04-11 11:37:21','2022-04-11 11:37:21'),(22,'If you dont know how to spell a word, what are you most likely to do?','reading',6,'2022-04-11 11:38:42','2022-04-11 11:38:42'),(23,'You find reading a book:','reading',6,'2022-04-11 11:47:15','2022-04-11 11:47:15'),(24,'When you tell a story, you usually:','kinesthetic',6,'2022-04-11 11:49:41','2022-04-11 11:49:41'),(25,'If you were learning a new piece of technology, you would:','kinesthetic',6,'2022-04-11 11:53:42','2022-04-11 11:53:42'),(26,'When you need directions for travelling, you prefer to:','kinesthetic',6,'2022-04-11 11:55:14','2022-04-11 11:55:14'),(27,'Listen to this audio, what is the answer?','auditory',6,'2022-04-11 12:44:18','2022-04-11 12:44:18'),(28,'When asked to do a task, you remember it best when:','auditory',6,'2022-04-11 13:04:08','2022-04-11 13:04:08'),(29,'When you want to debate a topic with your friends, you enjoy it best when:','auditory',6,'2022-04-11 13:06:56','2022-04-11 13:06:56'),(35,'Which of the following is a prose fiction text?','reading',1,'2022-04-26 14:27:41','2022-04-26 14:27:41'),(36,'Which of the following are a genre of prose fiction?','reading',1,'2022-04-26 14:27:50','2022-04-26 14:27:50'),(37,'Where does the word ‘novel’ come from?','reading',1,'2022-04-26 14:27:57','2022-04-26 14:27:57'),(38,'Which of the following is a novella?','reading',1,'2022-04-26 14:28:01','2022-04-26 14:28:01'),(39,'When did novels first become popular?','reading',1,'2022-04-26 14:28:07','2022-04-26 14:28:12'),(40,'How many plot-lines are typically used in a novella?','reading',1,'2022-04-26 14:28:31','2022-04-26 14:28:31'),(41,'How are novels usually divided?','reading',1,'2022-04-26 14:28:37','2022-04-26 14:28:37'),(42,'Which of the following is a novel by George Orwell?','reading',1,'2022-04-26 14:28:43','2022-04-26 14:28:43'),(43,'Which type of prose fiction focuses on using real events and people from the past?','reading',1,'2022-04-26 14:28:50','2022-04-26 14:28:50'),(44,'What is the typical word-length for a short story?','reading',1,'2022-04-26 14:28:55','2022-04-26 14:28:55'),(45,'What does setting refer to?','reading',3,'2022-04-26 15:00:20','2022-04-26 15:00:20'),(46,'What is setting often related to?','reading',3,'2022-04-26 15:00:30','2022-04-26 15:00:30'),(47,'What time of day would be most effective for a ghost story?','reading',3,'2022-04-26 15:00:43','2022-04-26 15:00:43'),(48,'What would a reader expect from a piece of fiction set during World War Two?','reading',3,'2022-04-26 15:00:55','2022-04-26 15:00:55'),(49,'What atmosphere is created by the following description of setting?\r\n\r\nIn his blue gardens men and girls came and went like moths among the whisperings and the champagne and the stars.','reading',3,'2022-04-26 15:01:09','2022-04-26 15:01:09'),(50,'Which technique uses setting to reflect a character\'s state of mind?','reading',3,'2022-04-26 15:12:02','2022-04-26 15:12:02'),(51,'Which aspect of setting is most commonly used as pathetic fallacy?','reading',3,'2022-04-26 15:12:10','2022-04-26 15:12:10'),(52,'What theme is suggested by the dark streets of Victorian London in Dr Jekyll and Mr Hyde?','reading',3,'2022-04-26 15:12:23','2022-04-26 15:12:23'),(53,'What could the setting of a text be?','reading',3,'2022-04-26 15:12:29','2022-04-26 15:12:29'),(54,'Which of these settings suggests an atmosphere of isolation and loneliness?','reading',3,'2022-04-26 15:12:36','2022-04-26 15:12:36');
/*!40000 ALTER TABLE `questions` ENABLE KEYS */;
UNLOCK TABLES;

--
-- Table structure for table `resource_tag`
--

DROP TABLE IF EXISTS `resource_tag`;
/*!40101 SET @saved_cs_client     = @@character_set_client */;
/*!40101 SET character_set_client = utf8 */;
CREATE TABLE `resource_tag` (
  `id` bigint(20) unsigned NOT NULL AUTO_INCREMENT,
  `resource_id` bigint(20) unsigned NOT NULL,
  `tag_id` bigint(20) unsigned NOT NULL,
  `created_at` timestamp NULL DEFAULT NULL,
  `updated_at` timestamp NULL DEFAULT NULL,
  PRIMARY KEY (`id`),
  KEY `resource_tag_resource_id_foreign` (`resource_id`),
  KEY `resource_tag_tag_id_foreign` (`tag_id`),
  CONSTRAINT `resource_tag_resource_id_foreign` FOREIGN KEY (`resource_id`) REFERENCES `resources` (`id`) ON DELETE CASCADE,
  CONSTRAINT `resource_tag_tag_id_foreign` FOREIGN KEY (`tag_id`) REFERENCES `tags` (`id`) ON DELETE CASCADE
) ENGINE=InnoDB AUTO_INCREMENT=39 DEFAULT CHARSET=utf8mb4 COLLATE=utf8mb4_unicode_ci;
/*!40101 SET character_set_client = @saved_cs_client */;

--
-- Dumping data for table `resource_tag`
--

LOCK TABLES `resource_tag` WRITE;
/*!40000 ALTER TABLE `resource_tag` DISABLE KEYS */;
INSERT INTO `resource_tag` VALUES (1,1,1,NULL,NULL),(10,6,3,NULL,NULL),(18,14,4,NULL,NULL),(20,16,2,NULL,NULL),(21,17,3,NULL,NULL),(22,18,1,NULL,NULL),(23,18,3,NULL,NULL),(25,20,1,NULL,NULL),(26,21,1,NULL,NULL),(27,22,2,NULL,NULL),(28,23,2,NULL,NULL),(29,24,2,NULL,NULL),(31,26,2,NULL,NULL),(34,28,1,NULL,NULL),(35,29,2,NULL,NULL),(36,30,2,NULL,NULL),(38,19,1,NULL,NULL);
/*!40000 ALTER TABLE `resource_tag` ENABLE KEYS */;
UNLOCK TABLES;

--
-- Table structure for table `resources`
--

DROP TABLE IF EXISTS `resources`;
/*!40101 SET @saved_cs_client     = @@character_set_client */;
/*!40101 SET character_set_client = utf8 */;
CREATE TABLE `resources` (
  `id` bigint(20) unsigned NOT NULL AUTO_INCREMENT,
  `resource_name` varchar(30) COLLATE utf8mb4_unicode_ci NOT NULL,
  `resource_path` varchar(2048) COLLATE utf8mb4_unicode_ci DEFAULT NULL,
  `description` text COLLATE utf8mb4_unicode_ci NOT NULL,
  `user_id` bigint(20) unsigned NOT NULL,
  `submodule_id` bigint(20) unsigned DEFAULT NULL,
  `question_id` bigint(20) unsigned DEFAULT NULL,
  `created_at` timestamp NULL DEFAULT NULL,
  `updated_at` timestamp NULL DEFAULT NULL,
  PRIMARY KEY (`id`),
  KEY `resources_user_id_foreign` (`user_id`),
  KEY `resources_submodule_id_foreign` (`submodule_id`),
  KEY `resources_question_id_foreign` (`question_id`),
  CONSTRAINT `resources_question_id_foreign` FOREIGN KEY (`question_id`) REFERENCES `questions` (`id`),
  CONSTRAINT `resources_submodule_id_foreign` FOREIGN KEY (`submodule_id`) REFERENCES `sub_modules` (`id`),
  CONSTRAINT `resources_user_id_foreign` FOREIGN KEY (`user_id`) REFERENCES `users` (`id`)
) ENGINE=InnoDB AUTO_INCREMENT=31 DEFAULT CHARSET=utf8mb4 COLLATE=utf8mb4_unicode_ci;
/*!40101 SET character_set_client = @saved_cs_client */;

--
-- Dumping data for table `resources`
--

LOCK TABLES `resources` WRITE;
/*!40000 ALTER TABLE `resources` DISABLE KEYS */;
INSERT INTO `resources` VALUES (1,'Prose Fiction Types.pdf','D:\\xampp\\htdocs\\fyp\\public\\storage/files\\Prose Fiction Types.pdf','Fiction Types',3,1,NULL,'2022-04-08 13:15:02','2022-04-08 13:15:02'),(6,'Learner type q2.jpg','D:\\xampp\\htdocs\\fyp\\public\\storage/files/Learner type q2.jpg','Learner type q2',3,NULL,19,'2022-04-10 17:20:04','2022-04-10 17:23:36'),(14,'Image new.jpg','D:\\xampp\\htdocs\\fyp\\public\\storage/files\\Image new.jpg','test description',3,NULL,26,'2022-04-11 12:15:08','2022-04-11 12:15:08'),(16,'audio learner question.mp3','D:\\xampp\\htdocs\\fyp\\public\\storage/files\\audio learner question.mp3','apples',3,NULL,27,'2022-04-11 12:45:16','2022-04-11 12:45:16'),(17,'Learner type q1.jpg','D:\\xampp\\htdocs\\fyp\\public\\storage/files\\Learner type q1.jpg','q1',3,NULL,17,'2022-04-11 13:19:58','2022-04-11 13:19:58'),(18,'Casting.pdf','D:\\xampp\\htdocs\\fyp\\public\\storage/files\\Casting.pdf','Casting Ceramics',3,15,NULL,'2022-04-29 00:51:26','2022-04-29 00:51:26'),(19,'Clay Part 1 test.pdf','D:\\xampp\\htdocs\\fyp\\public\\storage/files/Clay Part 1 test.pdf','Clay part 1 description',3,15,NULL,'2022-04-29 00:52:40','2022-05-03 16:53:42'),(20,'Clay part 2.pdf','D:\\xampp\\htdocs\\fyp\\public\\storage/files\\Clay part 2.pdf','Clay part 2 description',3,15,NULL,'2022-04-29 00:52:55','2022-04-29 00:52:55'),(21,'Decorating techniques.pdf','D:\\xampp\\htdocs\\fyp\\public\\storage/files\\Decorating techniques.pdf','Ceramics decorating techniques',3,15,NULL,'2022-04-29 00:53:23','2022-04-29 00:53:23'),(22,'Casting - Audio.mp3','D:\\xampp\\htdocs\\fyp\\public\\storage/files\\Casting - Audio.mp3','Casting document as audio',3,15,NULL,'2022-04-29 00:53:54','2022-04-29 00:53:54'),(23,'Clay part 1 - Audio.mp3','D:\\xampp\\htdocs\\fyp\\public\\storage/files\\Clay part 1 - Audio.mp3','Clay part 1 audio',3,15,NULL,'2022-04-29 00:54:30','2022-04-29 00:54:30'),(24,'Clay part 2 - Audio.mp3','D:\\xampp\\htdocs\\fyp\\public\\storage/files\\Clay part 2 - Audio.mp3','Clay part 2 audio',3,15,NULL,'2022-04-29 00:54:48','2022-04-29 00:54:48'),(26,'Tools and materials audio.mp3','D:\\xampp\\htdocs\\fyp\\public\\storage/files\\Tools and materials audio.mp3','Tools and materials audio',3,15,NULL,'2022-04-29 01:02:44','2022-04-29 01:02:44'),(28,'Prose Fiction.pdf','D:\\xampp\\htdocs\\fyp\\public\\storage/files\\Prose Fiction.pdf','Prose fiction explanation',3,1,NULL,'2022-04-29 01:29:10','2022-04-29 01:29:10'),(29,'Prose Fiction Types audio.wav','D:\\xampp\\htdocs\\fyp\\public\\storage/files\\Prose Fiction Types audio.wav','Prose Fiction types audio',3,1,NULL,'2022-04-29 01:30:59','2022-04-29 01:30:59'),(30,'Prose Fiction audio.wav','D:\\xampp\\htdocs\\fyp\\public\\storage/files\\Prose Fiction audio.wav','Prose fiction explanation audio',3,1,NULL,'2022-04-29 01:31:32','2022-04-29 01:31:32');
/*!40000 ALTER TABLE `resources` ENABLE KEYS */;
UNLOCK TABLES;

--
-- Table structure for table `sessions`
--

DROP TABLE IF EXISTS `sessions`;
/*!40101 SET @saved_cs_client     = @@character_set_client */;
/*!40101 SET character_set_client = utf8 */;
CREATE TABLE `sessions` (
  `id` varchar(255) COLLATE utf8mb4_unicode_ci NOT NULL,
  `user_id` bigint(20) unsigned DEFAULT NULL,
  `ip_address` varchar(45) COLLATE utf8mb4_unicode_ci DEFAULT NULL,
  `user_agent` text COLLATE utf8mb4_unicode_ci DEFAULT NULL,
  `payload` text COLLATE utf8mb4_unicode_ci NOT NULL,
  `last_activity` int(11) NOT NULL,
  PRIMARY KEY (`id`),
  KEY `sessions_user_id_index` (`user_id`),
  KEY `sessions_last_activity_index` (`last_activity`)
) ENGINE=InnoDB DEFAULT CHARSET=utf8mb4 COLLATE=utf8mb4_unicode_ci;
/*!40101 SET character_set_client = @saved_cs_client */;

--
-- Dumping data for table `sessions`
--

LOCK TABLES `sessions` WRITE;
/*!40000 ALTER TABLE `sessions` DISABLE KEYS */;
INSERT INTO `sessions` VALUES ('c098sNsbquTRJWo4XRWbTWSOt76xabXvJxf4XUIS',1,'::1','Mozilla/5.0 (Windows NT 10.0; Win64; x64) AppleWebKit/537.36 (KHTML, like Gecko) Chrome/100.0.4896.127 Safari/537.36','YTo1OntzOjY6Il90b2tlbiI7czo0MDoieHBMOVFSUmRxWlhqc1VHQ1hrZ1JDZndQWHpERzYySHdheXhJRXg3biI7czo5OiJfcHJldmlvdXMiO2E6MTp7czozOiJ1cmwiO3M6NDM6Imh0dHA6Ly9sb2NhbGhvc3Qvc3VibW9kdWxlL3Nob3cvMTUvZmFsc2UvMjEiO31zOjY6Il9mbGFzaCI7YToyOntzOjM6Im9sZCI7YTowOnt9czozOiJuZXciO2E6MDp7fX1zOjUwOiJsb2dpbl93ZWJfNTliYTM2YWRkYzJiMmY5NDAxNTgwZjAxNGM3ZjU4ZWE0ZTMwOTg5ZCI7aToxO3M6MTc6InBhc3N3b3JkX2hhc2hfd2ViIjtzOjYwOiIkMnkkMTAkWEVBSlJtcXZ5NHlaWTQ4Y2FhRERIdWFkUDk1b1p4cHZhOFNPTFJYLzljOVlXOGc4akJENVMiO30=',1651600422),('ZCZsntNBP8z2HMQZhn9evccr92wz4Hisa3Qcnnwu',NULL,'::1','Mozilla/5.0 (Windows NT 10.0; Win64; x64) AppleWebKit/537.36 (KHTML, like Gecko) Chrome/100.0.4896.127 Safari/537.36','YTozOntzOjY6Il90b2tlbiI7czo0MDoiVjZoRG1SMzJoMzhMajFMY0pLTXlRME9wUFZkQjRGN0NIYWNVRGp2aCI7czo2OiJfZmxhc2giO2E6Mjp7czozOiJvbGQiO2E6MDp7fXM6MzoibmV3IjthOjA6e319czo5OiJfcHJldmlvdXMiO2E6MTp7czozOiJ1cmwiO3M6MjI6Imh0dHA6Ly9sb2NhbGhvc3QvbG9naW4iO319',1651536958);
/*!40000 ALTER TABLE `sessions` ENABLE KEYS */;
UNLOCK TABLES;

--
-- Table structure for table `sub_modules`
--

DROP TABLE IF EXISTS `sub_modules`;
/*!40101 SET @saved_cs_client     = @@character_set_client */;
/*!40101 SET character_set_client = utf8 */;
CREATE TABLE `sub_modules` (
  `id` bigint(20) unsigned NOT NULL AUTO_INCREMENT,
  `submodule_name` varchar(40) COLLATE utf8mb4_unicode_ci NOT NULL,
  `module_id` bigint(20) unsigned NOT NULL,
  `description` text COLLATE utf8mb4_unicode_ci NOT NULL,
  `created_at` timestamp NULL DEFAULT NULL,
  `updated_at` timestamp NULL DEFAULT NULL,
  PRIMARY KEY (`id`),
  KEY `sub_modules_module_id_foreign` (`module_id`),
  CONSTRAINT `sub_modules_module_id_foreign` FOREIGN KEY (`module_id`) REFERENCES `modules` (`id`) ON DELETE CASCADE ON UPDATE CASCADE
) ENGINE=InnoDB AUTO_INCREMENT=286 DEFAULT CHARSET=utf8mb4 COLLATE=utf8mb4_unicode_ci;
/*!40101 SET character_set_client = @saved_cs_client */;

--
-- Dumping data for table `sub_modules`
--

LOCK TABLES `sub_modules` WRITE;
/*!40000 ALTER TABLE `sub_modules` DISABLE KEYS */;
INSERT INTO `sub_modules` VALUES (1,'Fiction Text Types',1,'Fiction is usually made up by the writer. Fiction texts could be based on the writer’s own life experiences or come from their imagination (or be a mixture of the two).','2022-04-06 11:46:28','2022-04-06 11:46:28'),(2,'Setting',1,'The setting of a text includes the location and time when events take place. Setting can play a crucial part in establishing atmosphere and reflecting themes and character within a text.','2022-04-06 11:46:28','2022-04-06 11:46:28'),(3,'Themes',1,'Themes are the main ideas or meaning that run through a text and may be shown directly or indirectly. When working out themes it helps to look closely at the language choice, setting and characters.','2022-04-06 11:46:28','2022-04-06 11:46:28'),(4,'Characterisation and narrative voice',1,'Characterisation is when a writer creates fictional characters for a narrative.','2022-04-06 11:46:28','2022-04-06 11:46:28'),(5,'Language and structure',1,'Language (words and phrases) and structure (the order of ideas in a text) are the methods used by writers to create effective characters, setting, narratives and themes.','2022-04-06 11:46:28','2022-04-06 11:46:28'),(6,'Annotating texts',1,'Annotating is when you add notes or comments to a text; this could also include underlining or circling individual words or phrases.','2022-04-06 11:46:28','2022-04-06 11:46:28'),(7,'Responding to a fiction text',1,'When responding to a fiction text you will be asked to focus on a particular area, picking out specific details or responding more fully with a close analysis.','2022-04-06 11:46:28','2022-04-06 11:46:28'),(15,'Ceramics',21,'Ceramics is the art of making three dimensional objects from clay. The choice of clay and the techniques used to shape, decorate, glaze and fire it will all have an impact on the final piece.','2022-04-28 21:00:37','2022-04-28 21:00:37'),(16,'Drawing',21,'Artists can experiment with a variety of techniques, materials and media when drawing in order to develop and communicate ideas.','2022-04-28 21:00:50','2022-04-28 21:00:50'),(17,'Painting',21,'Artists can experiment with paints, techniques and painting styles to give character to the subject of a painting and evoke different emotions from the viewer.','2022-04-28 21:01:06','2022-04-28 21:01:06'),(18,'Photography',21,'Photography is the art of capturing and manipulating images. Photographers can use film and digital cameras as well as camera-less photography to create images.','2022-04-28 21:01:21','2022-04-28 21:01:21'),(19,'Printing',21,'Printing is the process of making images that can be transferred onto other surfaces. It can be used to make one or more identical images or to create repeating patterns on papers and textiles.','2022-04-28 21:01:35','2022-04-28 21:01:35'),(20,'Finding inspiration',22,'Artists and designers look for inspiration to use as a starting point for their creative projects. Many artists and designers find inspiration in the work of others.','2022-04-28 21:21:24','2022-04-28 21:21:24'),(21,'Responding to stimuli',22,'Artists and designers find stimuli in the world around them or research a particular topic to find stimuli. They use this material to help them generate a personal creative response in their work.','2022-04-28 21:21:39','2022-04-28 21:21:39'),(22,'Analytical drawing',22,'Artists use analytical drawing techniques to explore and record their subject matter. Designers also often use analytical drawing to investigate the visual qualities of their sources of inspiration.','2022-04-28 21:21:50','2022-04-28 21:21:50'),(23,'Developing ideas',22,'Developing ideas is part of the creative process for artists and designers. By exploring and refining ideas, effective decisions can be made about the final piece of artwork or design solution.','2022-04-28 21:22:02','2022-04-28 21:22:02'),(24,'Creating a design brief',22,'Designers use a brief to give them guidance and focus. A brief helps define the design problem and gives details on important considerations and constraints.','2022-04-28 21:22:13','2022-04-28 21:22:13'),(25,'Experimenting with materials',22,'Artists and designers use a variety of materials and techniques for different purposes and to create different effects.','2022-04-28 21:22:38','2022-04-28 21:22:38'),(26,'Recording and observing',22,'Recording your ideas, observations and insights will help your creative process. You can do this visually, through writing or by using other media.','2022-04-28 21:22:52','2022-04-28 21:22:52'),(27,'Annotating your work',22,'Annotation means writing key information alongside your work. It can help to record your thoughts, keep your development on track and let others know what you have done and why.','2022-04-28 21:23:10','2022-04-28 21:23:10'),(28,'Analysing and evaluating',22,'Artists and designers often record ideas they have for artworks and designs. They will note down observations as they go so they can analyse and evaluate the effectiveness of the work produced','2022-04-28 21:23:23','2022-04-28 21:23:23'),(29,'Presenting your intentions',22,'To effectively present your project you need to show how you have developed ideas, refined your work, recorded your process and created a personal and meaningful response.','2022-04-28 21:23:53','2022-04-28 21:23:53'),(31,'Line',23,'Lines are used by artists and designers to describe objects, add detail or create expression. Lines define an artwork and reveal the artist’s techniques.','2022-04-28 21:25:27','2022-04-28 21:25:27'),(32,'Colour',23,'Choices of colour and the relationships between colours have a huge influence on how a piece or art or design looks and feels and the emotions it provokes.','2022-04-28 21:25:37','2022-04-28 21:25:37'),(33,'Tone',23,'Tone means how light or dark something is. The tones artists and designers use and the contrast between them can create very different moods and visual effects.','2022-04-28 21:25:48','2022-04-28 21:25:48'),(34,'Shape',23,'Shapes are two-dimensional. Positive shapes represent solid objects and negative shapes show the surrounding space. Geometric shapes are perfect and regular. Organic shapes are irregular and natural.','2022-04-28 21:25:59','2022-04-28 21:25:59'),(35,'Form',23,'Form refers to three dimensional objects. While shapes have two dimensions (height and width), forms have three dimensions (height, width and depth).','2022-04-28 21:26:09','2022-04-28 21:26:09'),(36,'Space',23,'Three-dimensional work creates real space. Two-dimensional works can create implied space using artistic technique. Objects take up positive space, while negative space is the empty space around them.','2022-04-28 21:26:23','2022-04-28 21:26:23'),(37,'Texture',23,'Artists and designers can use actual texture in their work or they can suggest how something feels using techniques that imply texture.','2022-04-28 21:26:50','2022-04-28 21:26:50'),(38,'Pattern',23,'A pattern is a design in which lines, shapes, forms or colours are repeated. The part that is repeated is called a motif. Patterns can be regular or irregular.','2022-04-28 21:26:59','2022-04-28 21:26:59'),(39,'Balance',24,'The arrangement of elements in a composition can create balance or imbalance. Three key ways to create balance are through symmetry, asymmetry and radial symmetry.','2022-04-28 21:27:16','2022-04-28 21:27:16'),(40,'Emphasis',24,'Emphasis is what makes part of a composition stand out. Artists and designers can emphasise something in various ways which include using its position, using converging lines, or by making it unusual.','2022-04-28 21:27:25','2022-04-28 21:27:25'),(41,'Proportion',24,'Proportion describes the relationship between the dimensions of different elements and an overall composition. Scale refers to an artwork’s size and how parts of a composition relate to each other.','2022-04-28 21:27:35','2022-04-28 21:27:35'),(42,'Unity',24,'Unity refers to how different elements of an artwork or design work come together and create a sense of wholeness. It can be achieved through proximity, simplicity, repetition and continuation.','2022-04-28 21:27:48','2022-04-28 21:27:48'),(43,'Variety',24,'Variety refers to how artists and designers add complexity to their work using visual elements. Contrast, difference and change, and elaboration all add visual interest to an artist’s work.','2022-04-28 21:28:05','2022-04-28 21:28:05'),(44,'Rhythm',24,'Rhythm refers to how elements are repeated or how they change and develop. Rhythm can be described as either regular, flowing or progressive.','2022-04-28 21:28:24','2022-04-28 21:28:24'),(45,'Cell structure',8,'Organisms are made up of cells. Most organisms are multicellular and have cells that are specialised to do a particular job. Microscopes are needed to study cells in detail.','2022-04-28 21:29:06','2022-04-28 21:29:06'),(46,'Cell division',8,'Chromosomes carry genetic information in a molecule called DNA. A type of cell division called mitosis ensures that when a cell divides each new cell produced has the same genetic information.','2022-04-28 21:29:15','2022-04-28 21:29:15'),(47,'Transport in cells',8,'For an organism to function, substances must move into and out of cells. Three processes contribute to this movement – diffusion, osmosis and active transport.','2022-04-28 21:29:29','2022-04-28 21:29:29'),(48,'Animal organisation - gaseous exchange',9,'Most animals and plants consist of different types of cells organised as tissues, organs and systems. The human respiratory system is a body system adapted for efficient gas exchange.','2022-04-28 21:30:11','2022-04-28 21:30:11'),(49,'Animal organisation - digestion',9,'The major nutrients required for a healthy diet are carbohydrates, proteins and lipids. The digestive system breaks down large molecules of food, which are then absorbed into the bloodstream.','2022-04-28 21:32:05','2022-04-28 21:32:05'),(50,'Animal organisation - transport systems',9,'Multicellular organisms require transport systems to supply their cells and remove waste products. In humans, one of the functions of the circulatory system is to transport substances.','2022-04-28 21:33:16','2022-04-28 21:33:16'),(51,'Plant organisation',9,'Plant cells, tissues and organs are adapted to their functions. The stem, root and leaves form an organ system that transports substances into, around and out of a plant.','2022-04-28 21:33:33','2022-04-28 21:33:33'),(52,'Non-communicable diseases',9,'Health is the state of physical and mental well-being. Factors work together and affect physical and mental health. A disease is a disorder that affects an organism\'s body, organs, tissues or cells.','2022-04-28 21:33:43','2022-04-28 21:33:43'),(53,'Communicable diseases',10,'Pathogens are disease-causing viruses, bacteria, fungi or protists, which can infect animals and plants. Humans have an immune system, which can defend them from pathogens.','2022-04-28 21:34:07','2022-04-28 21:34:07'),(54,'Treating, curing and preventing disease',10,'Some diseases can be treated with antibiotics. Vaccinations allow protection against specific diseases, but the level of protection depends on the amount of people vaccinated.','2022-04-28 21:34:18','2022-04-28 21:34:18'),(55,'Monoclonal antibodies - Higher',10,'Monoclonal antibodies are identical copies of one type of antibody.','2022-04-28 21:34:31','2022-04-28 21:34:31'),(56,'Plant disease',10,'Pathogens are disease-causing viruses, bacteria, fungi or protists which attack plants as well as animals. Plants have physical and chemical defences against pathogens.','2022-04-28 21:34:40','2022-04-28 21:34:40'),(57,'Photosynthesis',11,'Plants make their own food using photosynthesis. The food that plants produce is important, not only for the plants themselves, but for the other organisms that feed on the plants.','2022-04-28 21:34:55','2022-04-28 21:34:55'),(58,'Respiration',11,'All organisms respire in order to release energy to fuel their living processes. The respiration can be aerobic, which uses glucose and oxygen, or anaerobic which uses only glucose.','2022-04-28 21:35:06','2022-04-28 21:35:06'),(59,'Coordination & Control - Nervous System',12,'The nervous system enables humans to react to their surroundings and to coordinate their behaviour. It comprises millions of neurones and uses electrical impulses to communicate very quickly.','2022-04-28 21:36:00','2022-04-28 21:36:00'),(60,'Coordination & control - Endocrine',12,'The endocrine system secretes hormones into the bloodstream from glands throughout the body. Hormones produce an effect on specific target organs in the body.','2022-04-28 21:37:24','2022-04-28 21:37:24'),(61,'Hormones in human reproduction',12,'Hormones are secreted by glands in the endocrine system. During puberty, hormones create changes in physical and emotional characteristics.','2022-04-28 21:37:38','2022-04-28 21:37:38'),(62,'Homeostasis in humans',12,'Homeostasis is the regulation of internal conditions inside cells or organisms, to create the optimum conditions for biological function.','2022-04-28 21:37:47','2022-04-28 21:37:47'),(63,'Plant hormones',12,'Hormones promote growth within plants. Plant hormones are unequally distributed throughout the stems and roots, which results in parts of the plant growing in a particular direction.','2022-04-28 21:37:57','2022-04-28 21:37:57'),(64,'Reproduction, the genome and genes',13,'Reproduction occurs in all organisms. DNA is important, as it allows new proteins to be synthesised. Mutations in the DNA can have serious implications.','2022-04-28 21:38:31','2022-04-28 21:38:31'),(65,'Genetic inheritance',13,'Our genes are inherited from our parents, and the different combinations of these genes make us unique. Genetic inheritance controls the characteristics of all living things.','2022-04-28 21:38:41','2022-04-28 21:38:41'),(66,'Variation',13,'Variation in species can be generated by genetics. Mutations arise spontaneously and can sometimes lead to genetic disorders or death. Genes can be inserted into a genome through genetic engineering.','2022-04-28 21:38:51','2022-04-28 21:38:51'),(67,'Evolution',13,'Evolution is the change of inherited characteristics within a population over time through natural selection, which may result in the formation of a new species.','2022-04-28 21:39:03','2022-04-28 21:39:03'),(68,'Classification of living organisms',13,'Living things are classified using a system developed by Carl Linnaeus. Organisms are commonly named by the binomial system of genus and species.','2022-04-28 21:39:15','2022-04-28 21:39:15'),(69,'Adaptations, interdependence,competition',14,'The abundance and distribution of organisms in an ecosystem is determined by biotic and abiotic factors. Animals and plants have adaptations to allow them to compete for resources.','2022-04-28 21:40:32','2022-04-28 21:40:32'),(70,'Organisation of an ecosystem',14,'The feeding relationships between organisms in an ecosystem can be seen in food chains. Sampling allows us to measure the abundance and distribution of these species.','2022-04-28 21:40:41','2022-04-28 21:40:41'),(71,'Decomposition',14,'Decomposition, or decay, is the breakdown of dead matter. The rate at which this happens depends upon the number of decomposing microorganisms, the temperature, and water and oxygen availability.','2022-04-28 21:40:50','2022-04-28 21:40:50'),(72,'Biodiversity and the effect of humans',14,'Biodiversity is a measure of how many different species live in an ecosystem. Human activities like changing land use, deforestation and peat bog destruction reduce this.','2022-04-28 21:41:05','2022-04-28 21:41:05'),(73,'Trophic levels in an ecosystem',14,'Feeding relationships are shown in food chains. Each stage is a trophic level. Biomass is a measure of the total mass of living material in each trophic level.','2022-04-28 21:41:17','2022-04-28 21:41:17'),(74,'Food production',14,'Factors such as the increase in human population, new pests and pathogens, overhunting and armed conflict, can result in food scarcity in some countries.','2022-04-28 21:41:25','2022-04-28 21:41:25'),(75,'The purpose and nature of businesses',25,'Entrepreneurs may choose to set up a business for a number of reasons and there are a number of business sectors that it can be in. To be successful, entrepreneurs need to have a number of characteristics.','2022-04-28 21:42:27','2022-04-28 21:42:27'),(76,'Business ownership',25,'There are a number of options for the ownership of a business. Each ownership type has its own advantages and disadvantages and a business should choose the one that best suits its needs.','2022-04-28 21:42:37','2022-04-28 21:42:37'),(77,'Setting business aims and objectives',25,'Businesses often set themselves targets that they want to achieve. These aims and objectives can be used to motivate employees and help a business measure their performance.','2022-04-28 21:42:46','2022-04-28 21:42:46'),(78,'Business stakeholders',25,'Businesses need to be aware of their stakeholders. The activities of a business will affect many of their stakeholders. The stakeholders can also influence the decisions that a business makes.','2022-04-28 21:42:54','2022-04-28 21:42:54'),(79,'Business location',25,'Business owners have to consider a number of things when choosing a location for their business. These include what type of business and how close they need to be to their customers, labour, materials and competitors.','2022-04-28 21:43:04','2022-04-28 21:43:04'),(80,'Business planning',25,'A business plan is an essential part of starting any business. Entrepreneurs create business plans to help them consider all of the elements they are going to need for their new business to be a success.','2022-04-28 21:43:12','2022-04-28 21:43:12'),(81,'Expanding a business',25,'As a business experiences success, it may begin to expand. There are several ways for a business to grow.','2022-04-28 21:43:24','2022-04-28 21:43:24'),(82,'Technology and business',26,'The speed at which technology advances is getting faster. Businesses need to be aware of the technology that is available to them, and how it might influence their sales, costs and marketing.','2022-04-28 21:43:41','2022-04-28 21:43:41'),(83,'Ethical and environmental considerations',26,'Businesses are increasingly judged on the contribution they make to society. Behaving ethically, without harming the environment, is an important part of this corporate social responsibility.','2022-04-28 21:43:51','2022-04-28 21:43:51'),(84,'The economy and business',26,'The economic climate has a big impact on businesses. The level of consumer spending affects prices, investment decisions and the number of workers that businesses employ.','2022-04-28 21:44:04','2022-04-28 21:44:04'),(85,'Business and globalisation',26,'In business, globalisation means operating on an international scale to provide or produce goods and services. Almost all of the goods we use are made of parts sourced from around the world.','2022-04-28 21:44:13','2022-04-28 21:44:13'),(86,'Legislation and business',26,'The government uses legislation to regulate businesses’ behaviour and prevent them from exploiting people. There are laws to protect consumers who buy from businesses and workers employed by businesses.','2022-04-28 21:44:24','2022-04-28 21:44:24'),(87,'Competitive environment',26,'The competitive environment relates to how a business is affected by its competition and how it adapts its businesses practices to enable it to compete effectively.','2022-04-28 21:44:32','2022-04-28 21:44:32'),(88,'Production processes',27,'A business must choose the right production method to suit its needs. They also have a choice between keeping surplus stock or using just-in-time stock control in order to meet customer demand.','2022-04-28 21:44:52','2022-04-28 21:44:52'),(89,'The role of procurement',27,'Procurement are responsible for the purchase and management of stock and supplies. Procurement have to decide which suppliers to use and hold a vital role in the supply chain.','2022-04-28 21:45:00','2022-04-28 21:45:00'),(90,'The concept of quality',27,'Quality is essential to a business’ success. Customers must be happy with the products and services they receive. If they are not, a business is unlikely to gain a good reputation or repeat customers.','2022-04-28 21:45:10','2022-04-28 21:45:10'),(91,'Good customer service',27,'Some businesses rely on good customer service to give them an advantage over their competitors. This can start before a customer has made a purchase and continue afterwards.','2022-04-28 21:45:19','2022-04-28 21:45:19'),(92,'Organisational structures',28,'Businesses use organisational structures to illustrate job roles and responsibilities. Organisational structures show who each employee reports to in their job.','2022-04-28 21:45:49','2022-04-28 21:45:49'),(93,'Recruitment and selection of employees',28,'One of the most important aspects of a business is its employees. Businesses must have good recruitment and selection techniques in place so that they find the best employees when they need them.','2022-04-28 21:46:01','2022-04-28 21:46:01'),(94,'Motivating employees',28,'Motivation determines how hard employees are willing to work for a business and how productive a business is. A business can motivate its employees through financial and non-financial methods.','2022-04-28 21:46:09','2022-04-28 21:46:09'),(95,'Training',28,'Businesses train their employees through a variety of methods to improve knowledge and enhance skills. This has many benefits for both the business and the employees.','2022-04-28 21:46:25','2022-04-28 21:46:25'),(96,'Identifying and understanding customer n',29,'Combining the elements of the marketing mix will help to inform the decisions that a business makes about its target market and the image it wants to convey.','2022-04-28 21:46:36','2022-04-28 21:46:36'),(97,'Combining the elements of the marketing',29,'Combining the elements of the marketing mix will help to inform the decisions that a business makes about its target market and the image it wants to convey.','2022-04-28 21:46:46','2022-04-28 21:46:46'),(98,'Sources of Finance',30,'Businesses need to consider how they will fund their activities when starting up as well as during their day-to-day operations. Various costs need to be covered, such as equipment, stock and paying bills.','2022-04-28 21:47:01','2022-04-28 21:47:01'),(99,'Business growth',30,'Business growth is important as it enables businesses to increase the scale of their operation and competitiveness. This may be done either internally (organically) or externally (inorganically).','2022-04-28 21:47:09','2022-04-28 21:47:09'),(100,'Cash and cash flow',30,'The management of cash and cash flow is important as it can prevent a business from failing. Cash flow is the way that money moves in and out of a business and its bank accounts.','2022-04-28 21:47:17','2022-04-28 21:47:17'),(101,'Financial terms and calculations',30,'Financial terms and calculations includes revenue, costs, profits and loss, average rate of return, and break-even. These financial elements inform key decisions in every business.','2022-04-28 21:47:25','2022-04-28 21:47:25'),(102,'Analysing financial performance',30,'Analysing financial performance in business is key to achieving success. Businesses use key financial statements to help them achieve this.','2022-04-28 21:47:40','2022-04-28 21:47:40'),(103,'Atoms, elements and compounds',16,'Chemists use symbols and formulae to represent elements and compounds. Word equations and balanced chemical equations represent the changes that happen in chemical reactions.','2022-04-28 21:48:19','2022-04-28 21:48:19'),(104,'Mixtures',16,'There are different ways to separate mixtures, such as filtration, crystallisation, simple distillation, fractional distillation and chromatography. The method chosen depends on the type of mixture.','2022-04-28 21:48:31','2022-04-28 21:48:31'),(105,'Atomic structure',16,'Atoms consist of a nucleus containing protons and neutrons, surrounded by electrons in shells. The number of subatomic particles in an atom can be calculated from the atom\'s atomic number and mass number.','2022-04-28 21:48:42','2022-04-28 21:48:42'),(106,'The periodic table',16,'Mendeleev made an early periodic table. In the modern periodic table, elements are in order of atomic number in periods and groups. Electronic structures model how electrons are arranged in atoms.','2022-04-28 21:48:51','2022-04-28 21:48:51'),(107,'Groups in the periodic table',16,'Elements in the same group of the periodic table show trends in physical properties, such as boiling point. They have the same number of electrons in their outer shell, so they are similar in their chemical properties.','2022-04-28 21:48:59','2022-04-28 21:48:59'),(108,'Transition metals',16,'The transition elements are metals. They have high melting points and densities, and are strong and hard. They form coloured compounds and act as catalysts.','2022-04-28 21:49:07','2022-04-28 21:49:07'),(109,'The three states of matter',17,'The three states of matter can be represented by the particle model. This model explains the properties of substances in their different states, as well as changes of state.','2022-04-28 21:49:23','2022-04-28 21:49:23'),(110,'Ionic compounds',17,'An ionic compound is made up of charged particles, called ions. It has a giant lattice structure with strong electrostatic forces of attraction.','2022-04-28 21:49:32','2022-04-28 21:49:32'),(111,'Small molecules',17,'A covalent bond is a shared pair of electrons. Covalent bonding forms molecules. Substances with small molecules have low melting and boiling points, and do not conduct electricity.','2022-04-28 21:49:45','2022-04-28 21:49:45'),(112,'Giant covalent molecules',17,'Giant covalent substances have many atoms joined together by covalent bonds. Diamond, graphite and graphene are forms of carbon with different giant covalent structures.','2022-04-28 21:50:05','2022-04-28 21:50:05'),(113,'Metals and alloys',17,'The structure of metals explains their high melting and boiling points and their conductivity. The properties of a metal can be modified by mixing it with another substance to form an alloy.','2022-04-28 21:50:12','2022-04-28 21:50:12'),(114,'Nanoscience',17,'Nanoparticles are 1 nm to 100 nm in size. They have very large surface area to volume ratios. The properties of nanoparticulate substances are different from those of the same substance in bulk.','2022-04-28 21:50:20','2022-04-28 21:50:20'),(115,'Calculations in chemistry',18,'Relative formula masses can be calculated and used in conservation of mass calculations. Calculations can be carried out to find out concentrations of solution and uncertainties in measurements.','2022-04-28 21:50:35','2022-04-28 21:50:35'),(116,'Calculations in chemistry (Higher)',18,'The mole is the unit for amount of substance. The number of particles in a substance can be found using the Avogadro constant. The mass of product depends upon the mass of limiting reactant.','2022-04-28 21:50:44','2022-04-28 21:50:44'),(117,'Atom economy, percentage yield and gases',18,'Percentage yield and atom economy show how much desired product is obtained compared to amounts of starting materials. Gas calculations show volumes of gas used and obtained in chemical reactions.','2022-04-28 21:51:03','2022-04-28 21:51:03'),(118,'Reactions of metals',19,'The reactivity series shows metals in order of reactivity. The reactivity of a metal is related to its tendency to form positive ions. Iron and aluminium are extracted from their ores in various ways.','2022-04-28 21:51:15','2022-04-28 21:51:15'),(119,'Acids, alkalis and salts',19,'Indicators are used to determine whether a solution is acidic or alkaline. Acids react with metals, bases and carbonates to produce salts. Neutralisation is the reaction between an acid and a base.','2022-04-28 21:51:23','2022-04-28 21:51:23'),(120,'Titrations',19,'The volumes of acids and alkali solutions that react with each other can be measured by titration using a suitable indicator.','2022-04-28 21:51:33','2022-04-28 21:51:33'),(121,'Electrolysis',19,'Electrolysis involves using electricity to break down electrolytes to form elements. The products of electrolysis can be predicted for a given electrolyte.','2022-04-28 21:51:42','2022-04-28 21:51:42'),(122,'Exothermic and endothermic reactions',20,'Exothermic reactions transfer energy to the surroundings and the temperature of the surroundings increases. Endothermic reactions take in energy and the temperature of the surroundings decreases.','2022-04-28 21:56:37','2022-04-28 21:56:37'),(123,'Chemical cells',20,'A chemical cell produces a voltage until one of the reactants is used up. In a hydrogen-oxygen fuel cell, hydrogen and oxygen are used to produce a voltage, and water is the only product.','2022-04-28 21:56:50','2022-04-28 21:56:50'),(124,'Rates of reaction',61,'The greater the frequency of successful collisions between reactant particles, the greater the reaction rate.','2022-04-28 21:57:03','2022-04-28 21:57:03'),(125,'Reversible reactions',61,'Chemical reactions are reversible and may reach a dynamic equilibrium. The position of equilibrium of a reversible reaction can be altered by changing the reaction conditions.','2022-04-28 21:57:15','2022-04-28 21:57:15'),(126,'Crude oil, hydrocarbons and alkanes',62,'Crude oil is a finite resource. Petrol and other fuels are produced from it using fractional distillation. Cracking is used to convert long alkanes into shorter, more useful hydrocarbons.','2022-04-28 21:57:27','2022-04-28 21:57:27'),(127,'More organic chemistry',62,'Alkanes, alkenes, alcohols and carboxylic acids are different homologous series of organic compounds. Naturally occurring and synthetic polymers can be formed from a variety of monomers.','2022-04-28 21:57:35','2022-04-28 21:57:35'),(128,'Analysing and identifying substances',63,'Formulations are complex mixtures of chemicals which have a specific use. Chromatography can be used to identify the substances present in a mixture of solutes.','2022-04-28 21:57:51','2022-04-28 21:57:51'),(129,'Analysing substances',63,'Flame tests and chemical tests are used to detect and identify ions in samples. Instrumental methods of analysis are faster, and more accurate and sensitive than simple chemical tests.','2022-04-28 21:58:01','2022-04-28 21:58:01'),(130,'Developing the atmosphere',64,'The early atmosphere was mainly carbon dioxide and water vapour. Water vapour condensed to form the oceans. Photosynthesis caused the amount of carbon dioxide to decrease and oxygen to increase.','2022-04-28 21:58:14','2022-04-28 21:58:14'),(131,'Polluting the atmosphere',64,'Human activities are causing global warming. Combustion of fuel produces many pollutants. Humans can reduce their impact on the environment.','2022-04-28 21:58:22','2022-04-28 21:58:22'),(132,'Sustainable development',65,'Many of the Earth’s resources are finite. Chemists have a role in estimating the amount of reserves remaining and ensuring that the use of resources is sustainable.','2022-04-28 21:58:35','2022-04-28 21:58:35'),(133,'Water',65,'All humans rely on safe drinking water. Salt can be removed from sea water to make it safe to drink. Waste water must be treated before being released into the environment.','2022-04-28 21:58:43','2022-04-28 21:58:43'),(134,'Ways of reducing the use of resources',65,'Life-cycle assessments can evaluate the environmental impact of a product. Many products are recycled to lessen environmental impact. Modern metal extraction can reduce the impact on the environment.','2022-04-28 21:58:52','2022-04-28 21:58:52'),(135,'Using materials',65,'Metals have many properties but some are prone to corrosion. Alloying metals improve their properties. Ceramics, polymers and composites have desirable properties that allows them specific uses.','2022-04-28 21:58:59','2022-04-28 21:58:59'),(136,'Fertilisers',65,'Fertilisers contain elements which are essential for the healthy growth of crops. Fertilisers can be made in the laboratory and on a larger scale by the chemical industry.','2022-04-28 21:59:07','2022-04-28 21:59:07'),(137,'States of matter',69,'Matter is made up of small particles called atoms. Atoms can exist on their own or together as molecules. Atoms are very small and around 100,000,000 of them end to end would measure one centimetre.','2022-04-28 22:29:03','2022-04-28 22:29:03'),(138,'Atomic structure - Synergy',69,'Atoms consist of a nucleus containing protons and neutrons, surrounded by electrons in shells. The numbers of subatomic particles in an atom can be calculated from its atomic number and mass number.','2022-04-28 22:29:34','2022-04-28 22:29:34'),(139,'Cells in animals and plants',69,'Organisms are made up of cells. Most organisms are multicellular and have cells that are specialised. Microscopes produce magnified images of cells.','2022-04-28 22:29:44','2022-04-28 22:29:44'),(140,'Transport into and out of cells',69,'For an organism to function, substances must move into and out of cells. Three processes contribute to this movement – diffusion, osmosis and active transport.','2022-04-28 22:29:53','2022-04-28 22:29:53'),(141,'Cell division - Synergy',69,'There are two types of cell division. Mitosis produces two identical diploid daughter cells. Meiosis produces four non-identical haploid gametes (sex cells).','2022-04-28 22:30:07','2022-04-28 22:30:07'),(142,'Waves',69,'Waves are one way in which energy may be transferred between stores. Both mechanical and electromagnetic waves will transfer energy without matter being transferred.','2022-04-28 22:30:17','2022-04-28 22:30:17'),(143,'Respiration - Synergy',70,'All living cells respire. This process releases the energy stored in glucose for life processes. Aerobic respiration occurs in the presence of oxygen, whilst anaerobic respiration occurs without it.','2022-04-28 22:30:43','2022-04-28 22:30:43'),(144,'Exchange surfaces and transport systems',70,'Most animals and plants consist of different types of cells organised as tissues, organs and systems. The human respiratory system is a body system adapted for efficient gas exchange.','2022-04-28 22:30:54','2022-04-28 22:30:54'),(145,'The digestive system',70,'The major nutrients required for a healthy diet are carbohydrates, proteins and lipids. The digestive system breaks down large molecules of food, which are then absorbed into the bloodstream.','2022-04-28 22:31:03','2022-04-28 22:31:03'),(146,'Coordination and control - Synergy',70,'The nervous system enables humans to react to their surroundings and to coordinate their behaviour. The endocrine system secretes hormones into the bloodstream from glands throughout the body.','2022-04-28 22:31:17','2022-04-28 22:31:17'),(147,'Plant organisation - Synergy',70,'Plant cells, tissues and organs are adapted to their functions. The stem, root and leaves form an organ system that transports substances into, around and out of a plant. The leaves are the main organ of photosynthesis.','2022-04-28 22:31:37','2022-04-28 22:31:37'),(148,'Photosynthesis - Synergy',70,'Plants use energy from sunlight to convert carbon dioxide and water into glucose and oxygen during photosynthesis.','2022-04-28 22:31:57','2022-04-28 22:31:57'),(149,'Plant diseases',70,'Plants can become infected with pathogens such as the tobacco mosaic virus and the rose black spot fungus.','2022-04-28 22:32:08','2022-04-28 22:32:08'),(150,'Lifestyle and health',71,'Health is the state of physical, mental and social well-being. It is not just being free from disease. Communicable diseases can be transferred from one person to another, whilst non-communicable diseases cannot.','2022-04-28 22:32:24','2022-04-28 22:32:24'),(151,'Homeostasis',71,'Homeostasis is the maintenance of a constant internal environment. Regulating body temperature, blood glucose level and water content are all examples of homeostasis.','2022-04-28 22:32:34','2022-04-28 22:32:34'),(152,'Reproduction and fertility',71,'Hormones are secreted by glands in the endocrine system. They are involved in puberty, regulating the menstrual cycle, contraception and fertility treatments.','2022-04-28 22:32:48','2022-04-28 22:32:48'),(153,'Radiation and risk',71,'There are many different types of radiation. Some are dangerous and some can be useful, it is important to understand the risks posed by all types of radiation.','2022-04-28 22:32:56','2022-04-28 22:32:56'),(154,'Preventing, treating and curing diseases',71,'Some diseases can be treated with antibiotics, but not all can be cured. Vaccinations allow protection against specific diseases, but the level of protection depends on the amount of people vaccinated.','2022-04-28 22:33:06','2022-04-28 22:33:06'),(155,'The atmosphere',72,'The early atmosphere was mainly carbon dioxide and water vapour. Human activities are releasing greenhouse gases which are causing global warming, and other atmospheric pollutants.','2022-04-28 22:33:18','2022-04-28 22:33:18'),(156,'Water - Synergy',72,'The water cycle describes how natural processes move water between living and non-living stores. All humans rely on safe drinking water. Water is purified to remove insoluble and soluble substances. Salt can be removed from sea water to make it safe to drink. Waste water must be treated before being released into the environment.','2022-04-28 22:33:40','2022-04-28 22:33:40'),(157,'Ecosystems and biodiversity',72,'An ecosystem is the living organisms in a particular area together with the non-living components of the environment, such as soil, air and water. An ecosystem is biodiverse if it contains many different species.','2022-04-28 23:38:38','2022-04-28 23:38:38'),(158,'Inheritance',72,'Inheritance is the process of passing genetic information to offspring. Genes are sections of DNA that code for a protein. Inheritance of genes can be shown in Punnett square diagrams.','2022-04-28 23:38:55','2022-04-28 23:38:55'),(159,'Evolution - Synergy',72,'Evolution is the change of inherited characteristics within a population over time through natural selection, which may result in the formation of a new species.','2022-04-28 23:39:14','2022-04-28 23:39:14'),(160,'The periodic table - Synergy',73,'Mendeleev made an early periodic table. In the modern periodic table, elements are in order of atomic number in periods and groups. Electronic structures model how electrons are arranged in atoms.','2022-04-28 23:39:54','2022-04-28 23:39:54'),(161,'Groups in the periodic table - Synergy',73,'Elements in the same group of the periodic table show trends in physical properties, such as boiling point. They have the same number of electrons in their outer shell, so they are similar in their chemical properties.','2022-04-28 23:40:24','2022-04-28 23:40:24'),(162,'Chemical equations',73,'Chemists use symbols and formulae to represent elements and compounds. Word equations and balanced chemical equations represent the changes that happen in chemical reactions.','2022-04-28 23:40:36','2022-04-28 23:40:36'),(163,'Calculations in chemistry - Synergy',73,'Relative formula masses can be calculated and used in conservation of mass calculations. Calculations can be carried out to find out concentrations of solutions.','2022-04-28 23:40:59','2022-04-28 23:40:59'),(164,'Forces',74,'Forces are responsible for all the interactions between particles and objects. They can be divided into two categories: contact forces and non-contact forces.','2022-04-28 23:42:52','2022-04-28 23:42:52'),(165,'Energy changes',74,'Energy is a key principle in physics. Forces cause changes and energy calculations allow us to measure how much change can happen.','2022-04-28 23:43:01','2022-04-28 23:43:01'),(166,'Ionic compounds - Synergy',74,'An ionic compound is made up of charged particles, called ions. It has a giant lattice structure with strong electrostatic forces of attraction.','2022-04-28 23:43:29','2022-04-28 23:43:29'),(167,'Covalent bonding',74,'A covalent bond is a shared pair of electrons. Covalent bonding results in the formation of molecules or giant structures. Substances with small molecules have low melting and boiling points and do not conduct electricity. Giant covalent substances have very high melting points.','2022-04-28 23:43:38','2022-04-28 23:43:38'),(168,'Metals',74,'Metals have giant structures of atoms with delocalised electrons. This explains their high melting and boiling points and why they conduct electricity.','2022-04-28 23:43:46','2022-04-28 23:43:46'),(169,'Magnetism and electromagnetism',74,'Magnetism is due to the magnetic fields around magnets. The fields can be investigated by looking at the effects of the forces they exert on other magnets and magnetic materials.','2022-04-28 23:43:56','2022-04-28 23:43:56'),(170,'Motion',75,'The movement of objects can be described using motion graphs and numerical values. These are both used to help in the design of faster and more efficient vehicles.','2022-04-28 23:44:14','2022-04-28 23:44:14'),(171,'Newton\'s laws',75,'Forces cause changes in the motion of an object. Newton’s Laws help us to understand and analyse those changes. Unbalanced forces cause changes in speed, shape or direction.','2022-04-28 23:44:21','2022-04-28 23:44:21'),(172,'Circuits',75,'Electrical current transfers energy around circuits. There are two types of current: direct and alternating.','2022-04-28 23:44:30','2022-04-28 23:44:30'),(173,'Mains electricity',75,'Electricity can flow either as direct or alternating current, and is used in homes to power electrical appliances. The National Grid distributes electricity throughout the country.','2022-04-28 23:44:39','2022-04-28 23:44:39'),(174,'Acids and alkalis',75,'Indicators are used to determine whether a solution is acidic or alkaline. Acids react in neutralisation reactions to produce salts.','2022-04-28 23:44:49','2022-04-28 23:44:49'),(175,'Rates of reaction - Synergy',75,'The greater the frequency of successful collisions between reactant particles, the greater the reaction rate. Temperature, concentration, pressure, particle size and the use of catalysts all affect reaction rate.','2022-04-28 23:45:12','2022-04-28 23:45:12'),(176,'Energy, rates and reactions',75,'Energy changes can be represented using energy profiles. Catalysts (including enzymes) speed up chemical reactions. Energy changes can be calculated from bond energies.','2022-04-28 23:45:23','2022-04-28 23:45:23'),(177,'Equilibria',75,'Some chemical reactions can be reversed. Reversible reactions can reach a dynamic equilibrium. Changing the conditions can change the amount of product made.','2022-04-28 23:45:33','2022-04-28 23:45:33'),(178,'Electrons and chemical reactions',75,'The reactivity series shows metals in order of reactivity. The reactivity of a metal is related to its tendency to form positive ions. Electrolysis can be used to split ionic compounds and to extract metals.','2022-04-28 23:45:47','2022-04-28 23:45:47'),(179,'Carbon chemistry',76,'Pure carbon can be found as diamond, graphite, fullerenes and graphene. Crude oil is made from hydrocarbons which can be processed to make a variety of fuels and other useful products.','2022-04-28 23:46:02','2022-04-28 23:46:02'),(180,'Material resources',76,'Metals and other useful resources can be extracted from the Earth\'s crust. Life cycle assessments measure the environmental impact of a product over its entire life. Recycling helps to conserve energy and resources.','2022-04-28 23:46:09','2022-04-28 23:46:09'),(181,'Energy resources',76,'Every person, animal and device transfers energy. Much of that energy is supplied by electricity, which must be generated from other energy stores. Some of these are renewable but most are non-renewable.','2022-04-28 23:46:15','2022-04-28 23:46:15'),(182,'Fundamentals of algorithms',66,'Algorithms are step-by-step plans for solving problems. They can be designed using pseudo-code and flowcharts.','2022-04-28 23:46:42','2022-04-28 23:46:42'),(183,'Common algorithms',66,'Sorting and searching are two of the most frequently needed algorithms in program design. Common algorithms have evolved to take account of this need.','2022-04-28 23:46:51','2022-04-28 23:46:51'),(184,'Programming constructs',66,'Programs are designed using common building blocks, known as programming constructs. These programming constructs form the basis for all programs.','2022-04-28 23:47:16','2022-04-28 23:47:16'),(185,'Programming techniques',66,'Proficient programming requires knowledge of many techniques. These techniques allow for powerful, complex programs to be created.','2022-04-28 23:47:31','2022-04-28 23:47:31'),(186,'Advanced programming techniques',66,'Proficient programming requires knowledge of many techniques. These techniques allow for powerful, complex programs.','2022-04-28 23:47:39','2022-04-28 23:47:39'),(187,'Types of programming language',66,'High-level languages allow programmers to write instructions in a language that is easier to understand than low-level languages. Translators are needed to translate programs written in high-level languages into the machine code that a computer understands.','2022-04-28 23:47:53','2022-04-28 23:47:53'),(188,'Fundamentals of data representation',66,'All data is represented as binary digits, whether it is numbers, text, images or sound. Calculations are also made in binary.','2022-04-28 23:48:07','2022-04-28 23:48:07'),(189,'Computer systems',67,'Computer systems are a combination of both hardware and software working together. Hardware is the physical components of a computer and software is the programs that run on a computer.','2022-04-28 23:48:17','2022-04-28 23:48:17'),(190,'Memory and storage',67,'Main memory is a key component of a computer system that works in tandem with secondary storage. This allows the system to run instructions, while secondary storage retains data. Cloud storage allows data to be stored at a remote location online.','2022-04-28 23:48:27','2022-04-28 23:48:27'),(191,'Computing fundamentals',67,'At the simplest level, computers are little more than a collection of transistors and circuits. They connect together to form logic gates, which in turn are used to form logic circuits.','2022-04-28 23:48:34','2022-04-28 23:48:34'),(192,'Fundamentals of computer networks',67,'Networking computers brings many benefits to users. Without networking, many computing applications would not be possible.','2022-04-28 23:48:43','2022-04-28 23:48:43'),(193,'Network topologies, protocols and layers',67,'Networks can be arranged in different topologies. Encryption is used to ensure that messages can be sent securely over a network.','2022-04-28 23:48:51','2022-04-28 23:48:51'),(194,'Fundamentals of cyber security',67,'Computer systems are at risk of intrusion, theft, and deletion. Cybercrime is evolving at the same rate as the technology around us.','2022-04-28 23:49:00','2022-04-28 23:49:00'),(195,'Ethical, legal and environmental impacts',67,'The use of computers has brought about ethical, legal and environmental impacts. These issues increasingly affect people\'s daily lives.','2022-04-28 23:49:16','2022-04-28 23:49:16'),(196,'New and emerging technologies',77,'Companies are trying to save money, improve products, develop new materials and become more efficient. New technologies are developed to positively impact the manufacturing industry and society.','2022-04-28 23:52:32','2022-04-28 23:52:32'),(197,'Energy generation and storage',77,'Energy generation and storage have a huge global impact on our lives - from decisions about the use of fossil fuels and their effect on our environment, to the development of cleaner, more-modern ways to create and store energy.','2022-04-28 23:52:42','2022-04-28 23:52:42'),(198,'Developments in new materials',77,'Developments in science and engineering lead to changes in materials technology. There are a range of modern materials with impressive properties, as well as traditional ones such as wood or metal.','2022-04-28 23:52:51','2022-04-28 23:52:51'),(199,'Systems approach to designing',77,'The systems approach to designing with programmable electronic devices is vital in understanding how today’s electronic devices are programmed together with how they operate in the real world.','2022-04-28 23:52:58','2022-04-28 23:52:58'),(200,'Mechanical devices',77,'Mechanical devices can change one form of force to another. All moving parts work on some sort of mechanism.','2022-04-28 23:53:05','2022-04-28 23:53:05'),(201,'Material categories and properties',77,'All materials have physical and working properties. Physical properties are the traits a material has before it is used, whereas working properties are how the material behaves when it is manipulated.','2022-04-28 23:53:12','2022-04-28 23:53:12'),(202,'Papers and boards',78,'Materials are chosen based on factors including working properties, aesthetics, environmental impact, function, manufacturing processes etc. It is important to choose a material fit for purpose.','2022-04-28 23:53:24','2022-04-28 23:53:24'),(203,'Timber-based materials',78,'Materials are chosen based on many factors including their working properties, aesthetics, environmental impact, function, manufacturing processes available etc. It is important to choose a material fit for purpose.','2022-04-28 23:53:31','2022-04-28 23:53:31'),(204,'Metal-based materials',78,'Materials are chosen based on factors including working properties, aesthetics, environmental impact, function, manufacturing processes etc. It is important to choose a material fit for purpose.','2022-04-28 23:53:42','2022-04-28 23:53:42'),(205,'Polymers',78,'Materials are chosen based on factors including working properties, aesthetics, environmental impact, function, manufacturing processes etc. It is important to choose a material fit for purpose.','2022-04-28 23:53:58','2022-04-28 23:53:58'),(206,'Textile-based materials',78,'Materials are chosen based on factors including working properties, aesthetics, environmental impact, function, manufacturing processes etc. It is important to choose a material fit for purpose.','2022-04-28 23:54:06','2022-04-28 23:54:06'),(207,'Electronic and mechanical systems',78,'Components are chosen based on factors including working properties, environmental impact, function, manufacturing processes etc. It is important to choose a component fit for purpose.','2022-04-28 23:54:13','2022-04-28 23:54:13'),(208,'Investigating',79,'During the designing and making processes it is important to gather feedback from the client and users. Refining the product based on this feedback helps solve any problems before production begins.','2022-04-28 23:54:25','2022-04-28 23:54:25'),(209,'Designing',79,'Designers use many techniques to create products and solve problems. Design and development involve creating working drawings and parts lists to enable a third party to manufacture the design.','2022-04-28 23:54:33','2022-04-28 23:54:33'),(210,'Making',79,'Manufacturers need to consider the form, function and cost of designs before production. Designers need to consider safety, availability of materials and minimising waste, while maintaining quality.','2022-04-28 23:54:41','2022-04-28 23:54:41'),(211,'Evaluating',79,'Evaluating ideas, models and feedback is an ongoing process, utilised in continuing to adapt and improve products to make them more useful, appealing and profitable.','2022-04-28 23:54:49','2022-04-28 23:54:49'),(212,'Digital data - CCEA',80,'What is digital data? How is it represented, stored and shared?','2022-04-29 00:00:06','2022-04-29 00:00:06'),(213,'System software - CCEA',80,'The functions of system software and their modes of processing, tasks carried out by utility applications, the role of antivirus software and the importance of regular system updates.','2022-04-29 00:00:13','2022-04-29 00:00:13'),(214,'Database applications - CCEA',80,'Databases are at the heart of digital technology, making data easy to store, organise and search.','2022-04-29 00:00:25','2022-04-29 00:00:25'),(215,'Spreadsheet applications - CCEA',80,'Spreadsheets can help you calculate values from data using various formulae. They can also be used for data modelling and the visual representation of data.','2022-04-29 00:00:32','2022-04-29 00:00:32'),(216,'Hardware and network technologies - CCEA',80,'Hardware is the physical components of a computer system. When we connect computers together to share data, software and hardware we create a network.','2022-04-29 00:00:40','2022-04-29 00:00:40'),(217,'Cyberspace, network security and data',80,'Networks make computers more powerful, but also more vulnerable to attack. In the era of the internet and cloud computing, what are the threats to data security?','2022-04-29 00:00:52','2022-04-29 00:00:52'),(218,'Ethical, legal and environmental impact',80,'How does life, society and the law react to the evolution of digital technology?','2022-04-29 00:01:04','2022-04-29 00:01:04'),(219,'Digital applications - CCEA',80,'The advent of digital technology has radically affected our lives, but what are the positive and negative aspects of those changes?','2022-04-29 00:01:11','2022-04-29 00:01:11'),(220,'Designing solutions - CCEA',81,'Software designers must produce specifications to guide development teams, then they must test the software.','2022-04-29 00:01:24','2022-04-29 00:01:24'),(222,'Digital development considerations',81,'Accessibility and operability across different interfaces are crucial to the development of a successful digital product.','2022-04-29 00:02:15','2022-04-29 00:02:15'),(223,'Multimedia applications - CCEA',81,'Multimedia applications combine elements like text, images, audio and video and require specific considerations in their design.','2022-04-29 00:02:24','2022-04-29 00:02:24'),(224,'Database development - CCEA',81,'Developing the right type and structure of database allows you to store, access, search and output your data to your greatest advantage.','2022-04-29 00:02:32','2022-04-29 00:02:32'),(225,'Testing - CCEA',81,'Software testing involves testing a program under various conditions to make sure it works. Even the best programmers make mistakes, so it is important that these are identified as soon as possible in the development stage so that errors can be fixed.','2022-04-29 00:02:40','2022-04-29 00:02:40'),(226,'Evaluation - CCEA',81,'How is a product evaluated and user tested, and why? Evaluation and user testing help ensure products meet their original design specification, offer an efficient solution, operate across appropriate platforms and are full and complete.','2022-04-29 00:02:49','2022-04-29 00:02:49'),(227,'Designing solutions with the right tools',82,'When creating a digital solution for an end user, you must establish the user requirements and create, evaluate and refine clear design plans.','2022-04-29 00:03:18','2022-04-29 00:03:18'),(228,'Building a solution - CCEA',82,'Once you have designed your solution, you must code your Controlled Assessment website using Hypertext Markup Language (HTML).','2022-04-29 00:03:27','2022-04-29 00:03:27'),(229,'Testing a solution - CCEA',82,'You must produce a robust test plan for both your website and database solution. Testing should use appropriate test data and be evidenced with screenshots.','2022-04-29 00:03:39','2022-04-29 00:03:39'),(230,'Trends in software development',83,'Software development and programming paradigms change over time, from imperative programming to high level languages like Python and C++.','2022-04-29 00:04:07','2022-04-29 00:04:07'),(231,'Digital data',83,'What is digital data, and how do computers understand it? How is digital data represented, stored, shared and manipulated?','2022-04-29 00:04:41','2022-04-29 00:04:41'),(232,'Digital design principles - CCEA',83,'Digital design demands an understanding of computational thinking, as programming simply tells a computer what to do and how to do it.','2022-04-29 00:04:52','2022-04-29 00:04:52'),(233,'Programming constructs - CCEA',83,'Computer programs use data stores to organise the different types of data they contain. Data stores can be either a constant, variable or an array, and contain inputs, outputs, functions, instructions, sequences and more.','2022-04-29 00:05:01','2022-04-29 00:05:01'),(234,'Programming constructs concepts',83,'Computer programs use data stores to organise the different types of data they contain. Data stores can be either a constant, variable or an array, and contain inputs, outputs, functions, instructions, sequences and more.','2022-04-29 00:05:52','2022-04-29 00:05:52'),(235,'Simple error handling techniques - CCEA',83,'In some ways, computer languages are no different to our own. They have strict rules programmers must follow in order to make their programs understood. Mistakes throw up errors, which must be fixed.','2022-04-29 00:06:01','2022-04-29 00:06:01'),(236,'Developing and testing a solution',83,'Once software has been created, it must be tested under different conditions to make sure it works. This can be achieved with white box, black box, unit, integration and system testing, as well as thorough planning and evaluation.','2022-04-29 00:06:23','2022-04-29 00:06:23'),(237,'Designing solutions',84,'In this unit, students design, develop and test coded solutions when creating digital systems. Students must use one of the following languages in their completed solution: Python, Java or C#.','2022-04-29 00:06:49','2022-04-29 00:06:49'),(238,'Building a solution',84,'Building a solution involves coding in an appropriate high level language, choosing an appropriate Integrated Development Environment (IDE), testing and documenting its development.','2022-04-29 00:07:00','2022-04-29 00:07:00'),(239,'Testing a solution',84,'Once the development stage is complete you must complete integration, system and acceptance testing on your code and evaluate your solution.','2022-04-29 00:07:09','2022-04-29 00:07:09'),(240,'Theatre roles',85,'Theatre is a collaborative art form, with lots of people working together to move a play from page to stage.','2022-04-29 00:08:28','2022-04-29 00:08:28'),(241,'Characteristics of a dramatic work',85,'It is important to understand the characteristics of a dramatic work to make sense of it.','2022-04-29 00:08:38','2022-04-29 00:08:38'),(242,'Staging',85,'The way that a performance space is arranged will impact how a show is staged and performed.','2022-04-29 00:08:45','2022-04-29 00:08:45'),(243,'Stage positioning',85,'Stage positions are used to help keep track of how performers and set pieces move during rehearsal and performance.','2022-04-29 00:08:53','2022-04-29 00:08:53'),(244,'Physical skills for interpreting a chara',86,'Performers use a range of physical skills to portray a character. Their physical choices can also convey the character’s feelings.','2022-04-29 00:09:26','2022-04-29 00:09:26'),(245,'Vocal interpretation of a character',86,'Performers use a range of vocal skills to create characters and express how those characters are feeling.','2022-04-29 00:09:35','2022-04-29 00:09:35'),(246,'Set design',87,'The set is the space where the performance takes place and is crucial in helping to convey the setting.','2022-04-29 00:10:37','2022-04-29 00:10:37'),(247,'Costume design',87,'A costume is what a performer wears on stage. Everything the performer wears, including wigs and make-up, has to be carefully considered by a costume designer.','2022-04-29 00:10:44','2022-04-29 00:10:44'),(248,'Lighting design',87,'Lighting design is an important aspect of theatre design that helps to create meaning, mood and atmosphere on stage.','2022-04-29 00:10:50','2022-04-29 00:10:50'),(249,'Sound design',87,'Sound and music are used in theatre to convey meaning and atmosphere. Technical aspects need to be considered, as well as the selection of appropriate sources.','2022-04-29 00:11:02','2022-04-29 00:11:02'),(250,'Puppet design',87,'A puppet is an object that is animated by a puppeteer to resemble a character within a performance.','2022-04-29 00:11:10','2022-04-29 00:11:10'),(251,'Responding to a stimulus',88,'There are different dramatic techniques that can be included in a practical piece of work, including both vocal and physical elements, to help to bring a stimulus to life.','2022-04-29 00:12:08','2022-04-29 00:12:08'),(252,'Developing an idea',88,'It is vital to employ a range of exploratory techniques to develop and work on initial ideas for a devised piece.','2022-04-29 00:12:21','2022-04-29 00:12:21'),(253,'Selecting a genre or performance style',88,'There are many genres and styles that can be explored in the initial stages of a devised piece to develop and steer it. It is vital that the chosen genre or style will work for the target audience.','2022-04-29 00:12:28','2022-04-29 00:12:28'),(254,'Selecting a practitioner',88,'Different theatre practitioners use various methods for performance and design and these can be used as an influence when creating a piece of theatre.','2022-04-29 00:12:35','2022-04-29 00:12:35'),(255,'Rehearsing for a performance',88,'There are several stages within the rehearsal process to refine both design and performance elements.','2022-04-29 00:12:42','2022-04-29 00:12:42'),(256,'Refining a performance',88,'There are many ways that a performance can be refined and developed by both performers and designers.','2022-04-29 00:12:49','2022-04-29 00:12:49'),(257,'Interpreting and performing a character',88,'There are several tools available to performers when interpreting and performing a character, all of which can be experimented with.','2022-04-29 00:12:58','2022-04-29 00:12:58'),(258,'Designing a production',88,'There are several different designers working within each production. Each is responsible for communicating meaning to an audience through their designs on stage in a variety of ways.','2022-04-29 00:13:05','2022-04-29 00:13:05'),(259,'Health and safety considerations',88,'Being aware of health and safety requirements is essential for performers and designers when creating and performing drama, to prevent injury.','2022-04-29 00:13:12','2022-04-29 00:13:12'),(260,'Creating a portfolio or devising log',88,'Creating a portfolio or devising log is a creative and developmental process. The end result documents the procedure of devising a piece of drama.','2022-04-29 00:13:18','2022-04-29 00:13:18'),(261,'Features of a script',89,'Playwrights use the features of scripts to communicate to directors, performers and designers how to bring the play to life and take it from page to stage.','2022-04-29 00:13:59','2022-04-29 00:13:59'),(262,'Performing a script',89,'Performers aim to communicate a script effectively, using various acting skills to engage the audience and sustain their interest throughout a performance.','2022-04-29 00:14:05','2022-04-29 00:14:05'),(263,'Designing for a scripted performance',89,'Designers need to create a design that contributes to the overall effect of the performance and communicates its intended meaning to the audience.','2022-04-29 00:14:13','2022-04-29 00:14:13'),(264,'How to answer set text exam questions',90,'The written exam contains questions on a set text studied during the course, to test knowledge and understanding of how drama is developed and performed.','2022-04-29 00:15:06','2022-04-29 00:15:06'),(265,'Live theatre evaluation',90,'Live theatre evaluation involves analysing and evaluating a piece of theatre while demonstrating knowledge and understanding of how theatre is performed.','2022-04-29 00:15:13','2022-04-29 00:15:13'),(266,'Non-fiction text types',2,'Non-fiction texts come in many types, and have many different purposes. They surround us in everyday life but can also come in more sophisticated forms.','2022-04-29 00:15:38','2022-04-29 00:15:38'),(267,'Purpose and audience',2,'When we talk about the purpose of a text, we are talking about what the writer wants to achieve. Writers use language and structural features to deliberately appeal to their intended audience.','2022-04-29 00:15:45','2022-04-29 00:15:45'),(268,'Language and structure - Non-Fiction',2,'Writers choose words and language features deliberately - to have an effect on their readers. The way they structure parts of a text, eg openings and endings, influences the reader too.','2022-04-29 00:16:13','2022-04-29 00:16:13'),(269,'Responding to a non-fiction text',2,'In the exams, you will demonstrate your understanding of non-fiction text types, their intended audience and purpose, and how the writer has used language and structure.','2022-04-29 00:16:22','2022-04-29 00:16:22'),(270,'How to compare texts',3,'Comparing involves directly linking texts through their similarities and differences. It is important to move equally between the two texts, and write about them together, not separately.','2022-04-29 00:16:37','2022-04-29 00:16:37'),(271,'Audience, purpose and form',4,'Establishing audience, purpose and form allows you to choose the most appropriate language, tone and structure.','2022-04-29 00:16:53','2022-04-29 00:16:53'),(272,'Writing fiction',4,'Writing fiction is an opportunity to come up with creative and original ways of using language. You might find inspiration from your own experiences or from your imagination.','2022-04-29 00:17:00','2022-04-29 00:17:00'),(273,'Writing non-fiction',4,'Non-fiction texts are those that deal with facts, opinions and the real world. Many non-fiction texts follow specific conventions of language and structure.','2022-04-29 00:17:06','2022-04-29 00:17:06'),(274,'Planning',4,'It’s always a good idea to plan before you write. You can gather your main ideas, list vocabulary you’d like to include and map out your structure in a way that makes writing easier.','2022-04-29 00:17:13','2022-04-29 00:17:13'),(275,'Organising information and ideas',4,'Well-organised writing is easy to follow and understand. Points follow on from and build upon each other to lead to clear conclusions.','2022-04-29 00:17:19','2022-04-29 00:17:19'),(276,'Using language effectively',4,'Writers use language to create different effects. Learning how to use these will make your writing more engaging.','2022-04-29 00:17:26','2022-04-29 00:17:26'),(277,'Vocabulary',4,'Make your writing interesting and lively by using a wide range of vocabulary. Use specific words to convey your meaning.','2022-04-29 00:17:35','2022-04-29 00:17:35'),(278,'Spelling',5,'Learning to spell correctly means you’re more likely to be understood. You can improve your confidence by reading widely and learning to use spelling strategies.','2022-04-29 00:17:48','2022-04-29 00:17:48'),(279,'Punctuation',5,'Using punctuation effectively means that your reader can make sense of your writing. It can also help create dramatic effects in your writing.','2022-04-29 00:17:55','2022-04-29 00:17:55'),(280,'Grammar',5,'Grammar refers to the structure of language and how different words fit together. Knowing something about English grammar rules should help you to construct clear and meaningful sentences.','2022-04-29 00:18:05','2022-04-29 00:18:05'),(281,'Speaking and listening',6,'Effective face-to-face communication means thinking about audience and purpose. Generally this means using Standard English, listening carefully and being polite and co-operative.','2022-04-29 00:18:25','2022-04-29 00:18:25'),(282,'Personal presence',6,'Face-to-face communication includes the words you say and, more importantly, the way you say them. Eye-contact, gesture and posture can all add to the impact of your talk.','2022-04-29 00:18:34','2022-04-29 00:18:34'),(283,'Voice',6,'How you speak affects the meaning of your words. Varying your tone, volume and pace can help engage a listener.','2022-04-29 00:18:44','2022-04-29 00:18:44'),(284,'Individual researched presentation',6,'In an individual researched presentation you will need to give a presentation in front of an audience. You’ll need to research your topic beforehand and may need to answer questions from the audience.','2022-04-29 00:18:51','2022-04-29 00:18:51'),(285,'Responding and interacting',6,'Participating in a group discussion allows you to respond and interact with others. You can share your opinion as well as respond to the opinion of others.','2022-04-29 00:18:58','2022-04-29 00:18:58');
/*!40000 ALTER TABLE `sub_modules` ENABLE KEYS */;
UNLOCK TABLES;

--
-- Table structure for table `subjects`
--

DROP TABLE IF EXISTS `subjects`;
/*!40101 SET @saved_cs_client     = @@character_set_client */;
/*!40101 SET character_set_client = utf8 */;
CREATE TABLE `subjects` (
  `id` bigint(20) unsigned NOT NULL AUTO_INCREMENT,
  `subject_name` varchar(30) COLLATE utf8mb4_unicode_ci NOT NULL,
  `exam_board` varchar(20) COLLATE utf8mb4_unicode_ci NOT NULL,
  `subject_level` varchar(8) COLLATE utf8mb4_unicode_ci NOT NULL,
  `description` text COLLATE utf8mb4_unicode_ci NOT NULL,
  `created_at` timestamp NULL DEFAULT NULL,
  `updated_at` timestamp NULL DEFAULT NULL,
  PRIMARY KEY (`id`)
) ENGINE=InnoDB AUTO_INCREMENT=65 DEFAULT CHARSET=utf8mb4 COLLATE=utf8mb4_unicode_ci;
/*!40101 SET character_set_client = @saved_cs_client */;

--
-- Dumping data for table `subjects`
--

LOCK TABLES `subjects` WRITE;
/*!40000 ALTER TABLE `subjects` DISABLE KEYS */;
INSERT INTO `subjects` VALUES (1,'English Language','AQA','GCSE','GCSE English Language through the AQA exam board.','2022-04-06 11:46:28','2022-04-06 11:46:28'),(2,'English Literature','AQA','GCSE','GCSE English Literature through the AQA exam board.','2022-04-06 11:46:28','2022-04-06 11:46:28'),(3,'Maths','AQA','GCSE','GCSE Maths through the AQA exam board.','2022-04-06 11:46:28','2022-04-06 11:46:28'),(4,'Combined Science','AQA','GCSE','GCSE Combined Science through the AQA exam board.','2022-04-06 11:46:28','2022-04-06 11:46:28'),(5,'Biology (Single Science)','AQA','GCSE','GCSE Biology is the study of living organisms and their structure, life cycles, adaptions and environment.','2022-04-06 11:46:28','2022-04-06 11:46:28'),(6,'Chemistry (Single Science)','AQA','GCSE','GCSE Chemistry is the study of the composition, behaviour and properties of matter, and of the elements of the Earth and its atmosphere.','2022-04-06 11:46:28','2022-04-06 11:46:28'),(7,'Physics (Single Science)','AQA','GCSE','GCSE Physics  is the study of energy, forces, mechanics, waves, and the structure of atoms and the physical universe.','2022-04-06 11:46:28','2022-04-06 11:46:28'),(8,'Art and Design','AQA','GCSE','GCSE Art and Design features a wide range of titles including Art, craft and design, Fine art, Graphic communication, Textile design, Three-dimensional design and Photography. ','2022-04-06 11:46:28','2022-04-06 11:46:28'),(9,'Business','AQA','GCSE','GCSE Business Studies is designed for students finishing secondary school to learn skills for running a business, such as managing money, advertising and employing staff.','2022-04-06 11:46:28','2022-04-06 11:46:28'),(10,'Computer Science','AQA','GCSE','GCSE Computer Science through the AQA exam board.','2022-04-06 11:46:28','2022-04-06 11:46:28'),(11,'Design and Technology','AQA','GCSE','GCSE Design and Technology through the AQA exam board.','2022-04-06 11:46:28','2022-04-06 11:46:28'),(12,'Digital Technology','CCEA','GCSE','GCSE Digital Technology through the CCEA exam board.','2022-04-06 11:46:28','2022-04-06 11:46:28'),(13,'Drama','AQA','GCSE','GCSE Drama through the AQA exam board.','2022-04-06 11:46:28','2022-04-06 11:46:28'),(14,'French','AQA','GCSE','GCSE French through the AQA exam board.','2022-04-06 11:46:28','2022-04-06 11:46:28'),(15,'Geography','AQA','GCSE','GCSE Geography is a course that studies geography in a balanced framework of physical and human themes and investigates the link between them.','2022-04-06 11:46:28','2022-04-06 11:46:28'),(16,'German','AQA','GCSE','GCSE German will enable students of all abilities to develop their German language skills to their full potential, equipping them with the knowledge to communicate in a variety of contexts with confidence. ','2022-04-06 11:46:28','2022-04-06 11:46:28'),(17,'History','AQA','GCSE','GCSE History covers a range of areas from the 12th Century to the Modern Day.','2022-04-06 11:46:28','2022-04-06 11:46:28'),(18,'Food and Nutrition','CCEA','GCSE','GCSE Home Economics: Food Nutrition from the CCEA exam board.','2022-04-06 11:46:28','2022-04-06 11:46:28'),(19,'Hospitality','CCEA','GCSE','GCSE Hospitality covers a worldwide industry requiring a wide range of skills.','2022-04-06 11:46:28','2022-04-06 11:46:28'),(20,'ICT','WJEC','GCSE','GCSE ICT allows students to identify and solve real problems by designing information and communication systems in a wide range of contexts relating to their personal interests.','2022-04-06 11:46:28','2022-04-06 11:46:28'),(21,'Irish','CCEA','GCSE','GCSE Irish includes text, audio and quizzes designed to help you understand and use Gaeilge.','2022-04-06 11:46:28','2022-04-06 11:46:28'),(22,'Journalism','CCEA','GCSE','GCSE Journalism covers the industry theory and radio production.','2022-04-06 11:46:28','2022-04-06 11:46:28'),(23,'Learning for Life and Work','CCEA','GCSE','GCSE Learning for Life and Work provides students with the skills they require to think independently, make informed decisions, and take appropriate action when faced with personal, social, economic and employment issues. ','2022-04-06 11:46:28','2022-04-06 11:46:28'),(24,'Maths Numeracy','WJEC','GCSE','GCSE Maths Numeracy features maths problems in real-world situations and demonstrates the most efficient ways to calculate the correct solution.','2022-04-06 11:46:28','2022-04-06 11:46:28'),(25,'Media Studies','AQA','GCSE','GCSE Media Studies encourages students to develop their creative, analytical, research, and communication skills, through exploring a range of media forms and perspectives.','2022-04-06 11:46:28','2022-04-06 11:46:28'),(26,'Moving Images Arts','CCEA','GCSE','GCSE Moving Images Arts develops critical and creative abilities in all of the key creative areas of film production, including writing, directing, editing, producing and production design.','2022-04-06 11:46:28','2022-04-06 11:46:28'),(27,'Music','CCEA','GCSE','GCSE Music includes elements of music, music appreciation, classical orchestral music, music for dance, contemporary music and world music','2022-04-06 11:46:28','2022-04-06 11:46:28'),(28,'Physical Education','AQA','GCSE','GCSE Physical Education covers anatomy, training, sports psychology, health and well being and much more.','2022-04-06 11:46:28','2022-04-06 11:46:28'),(29,'Religious Studies','AQA','GCSE','GCSE Religious Studies covers a range of the major world religions, six contemporary ethical themes and two textual studies','2022-04-06 11:46:28','2022-04-06 11:46:28'),(30,'Spanish','AQA','GCSE','GCSE Spanish enables students of all abilities to develop their Spanish language skills to their full potential, equipping them with the knowledge to communicate in a variety of contexts with confidence.','2022-04-06 11:46:28','2022-04-06 11:46:28'),(31,'Welsh Second Language','WJEC','GCSE','GCSE Welsh Second Language enables learners to understand and use the language for a variety of purposes and audiences.','2022-04-06 11:46:28','2022-04-06 11:46:28');
/*!40000 ALTER TABLE `subjects` ENABLE KEYS */;
UNLOCK TABLES;

--
-- Table structure for table `tags`
--

DROP TABLE IF EXISTS `tags`;
/*!40101 SET @saved_cs_client     = @@character_set_client */;
/*!40101 SET character_set_client = utf8 */;
CREATE TABLE `tags` (
  `id` bigint(20) unsigned NOT NULL AUTO_INCREMENT,
  `tag_name` enum('reading','auditory','visual','kinesthetic') COLLATE utf8mb4_unicode_ci NOT NULL,
  `created_at` timestamp NULL DEFAULT NULL,
  `updated_at` timestamp NULL DEFAULT NULL,
  PRIMARY KEY (`id`)
) ENGINE=InnoDB AUTO_INCREMENT=9 DEFAULT CHARSET=utf8mb4 COLLATE=utf8mb4_unicode_ci;
/*!40101 SET character_set_client = @saved_cs_client */;

--
-- Dumping data for table `tags`
--

LOCK TABLES `tags` WRITE;
/*!40000 ALTER TABLE `tags` DISABLE KEYS */;
INSERT INTO `tags` VALUES (1,'reading','2022-04-06 11:46:28','2022-04-06 11:46:28'),(2,'auditory','2022-04-06 11:46:28','2022-04-06 11:46:28'),(3,'visual','2022-04-06 11:46:28','2022-04-06 11:46:28'),(4,'kinesthetic','2022-04-06 11:46:28','2022-04-06 11:46:28');
/*!40000 ALTER TABLE `tags` ENABLE KEYS */;
UNLOCK TABLES;

--
-- Table structure for table `team_invitations`
--

DROP TABLE IF EXISTS `team_invitations`;
/*!40101 SET @saved_cs_client     = @@character_set_client */;
/*!40101 SET character_set_client = utf8 */;
CREATE TABLE `team_invitations` (
  `id` bigint(20) unsigned NOT NULL AUTO_INCREMENT,
  `team_id` bigint(20) unsigned NOT NULL,
  `email` varchar(255) COLLATE utf8mb4_unicode_ci NOT NULL,
  `role` varchar(255) COLLATE utf8mb4_unicode_ci DEFAULT NULL,
  `created_at` timestamp NULL DEFAULT NULL,
  `updated_at` timestamp NULL DEFAULT NULL,
  PRIMARY KEY (`id`),
  UNIQUE KEY `team_invitations_team_id_email_unique` (`team_id`,`email`),
  CONSTRAINT `team_invitations_team_id_foreign` FOREIGN KEY (`team_id`) REFERENCES `teams` (`id`) ON DELETE CASCADE
) ENGINE=InnoDB DEFAULT CHARSET=utf8mb4 COLLATE=utf8mb4_unicode_ci;
/*!40101 SET character_set_client = @saved_cs_client */;

--
-- Dumping data for table `team_invitations`
--

LOCK TABLES `team_invitations` WRITE;
/*!40000 ALTER TABLE `team_invitations` DISABLE KEYS */;
/*!40000 ALTER TABLE `team_invitations` ENABLE KEYS */;
UNLOCK TABLES;

--
-- Table structure for table `team_user`
--

DROP TABLE IF EXISTS `team_user`;
/*!40101 SET @saved_cs_client     = @@character_set_client */;
/*!40101 SET character_set_client = utf8 */;
CREATE TABLE `team_user` (
  `id` bigint(20) unsigned NOT NULL AUTO_INCREMENT,
  `team_id` bigint(20) unsigned NOT NULL,
  `user_id` bigint(20) unsigned NOT NULL,
  `role` varchar(255) COLLATE utf8mb4_unicode_ci DEFAULT NULL,
  `created_at` timestamp NULL DEFAULT NULL,
  `updated_at` timestamp NULL DEFAULT NULL,
  PRIMARY KEY (`id`),
  UNIQUE KEY `team_user_team_id_user_id_unique` (`team_id`,`user_id`)
) ENGINE=InnoDB DEFAULT CHARSET=utf8mb4 COLLATE=utf8mb4_unicode_ci;
/*!40101 SET character_set_client = @saved_cs_client */;

--
-- Dumping data for table `team_user`
--

LOCK TABLES `team_user` WRITE;
/*!40000 ALTER TABLE `team_user` DISABLE KEYS */;
/*!40000 ALTER TABLE `team_user` ENABLE KEYS */;
UNLOCK TABLES;

--
-- Table structure for table `teams`
--

DROP TABLE IF EXISTS `teams`;
/*!40101 SET @saved_cs_client     = @@character_set_client */;
/*!40101 SET character_set_client = utf8 */;
CREATE TABLE `teams` (
  `id` bigint(20) unsigned NOT NULL AUTO_INCREMENT,
  `user_id` bigint(20) unsigned NOT NULL,
  `name` varchar(255) COLLATE utf8mb4_unicode_ci NOT NULL,
  `personal_team` tinyint(1) NOT NULL,
  `created_at` timestamp NULL DEFAULT NULL,
  `updated_at` timestamp NULL DEFAULT NULL,
  PRIMARY KEY (`id`),
  KEY `teams_user_id_index` (`user_id`)
) ENGINE=InnoDB AUTO_INCREMENT=6 DEFAULT CHARSET=utf8mb4 COLLATE=utf8mb4_unicode_ci;
/*!40101 SET character_set_client = @saved_cs_client */;

--
-- Dumping data for table `teams`
--

LOCK TABLES `teams` WRITE;
/*!40000 ALTER TABLE `teams` DISABLE KEYS */;
INSERT INTO `teams` VALUES (1,1,'Admin\'s Team',1,'2022-04-06 11:47:15','2022-04-06 11:47:15'),(2,2,'User\'s Team',1,'2022-04-06 11:47:30','2022-04-06 11:47:30'),(3,3,'Teacher\'s Team',1,'2022-04-06 11:47:49','2022-04-06 11:47:49'),(4,4,'User2\'s Team',1,'2022-04-29 12:07:24','2022-04-29 12:07:24'),(5,5,'Curtis\'s Team',1,'2022-05-01 18:34:19','2022-05-01 18:34:19');
/*!40000 ALTER TABLE `teams` ENABLE KEYS */;
UNLOCK TABLES;

--
-- Table structure for table `test_user`
--

DROP TABLE IF EXISTS `test_user`;
/*!40101 SET @saved_cs_client     = @@character_set_client */;
/*!40101 SET character_set_client = utf8 */;
CREATE TABLE `test_user` (
  `id` bigint(20) unsigned NOT NULL AUTO_INCREMENT,
  `user_id` bigint(20) unsigned NOT NULL,
  `test_id` bigint(20) unsigned NOT NULL,
  `score` int(11) NOT NULL,
  `created_at` timestamp NULL DEFAULT NULL,
  `updated_at` timestamp NULL DEFAULT NULL,
  PRIMARY KEY (`id`),
  KEY `test_user_user_id_foreign` (`user_id`),
  KEY `test_user_test_id_foreign` (`test_id`),
  CONSTRAINT `test_user_test_id_foreign` FOREIGN KEY (`test_id`) REFERENCES `tests` (`id`),
  CONSTRAINT `test_user_user_id_foreign` FOREIGN KEY (`user_id`) REFERENCES `users` (`id`)
) ENGINE=InnoDB AUTO_INCREMENT=28 DEFAULT CHARSET=utf8mb4 COLLATE=utf8mb4_unicode_ci;
/*!40101 SET character_set_client = @saved_cs_client */;

--
-- Dumping data for table `test_user`
--

LOCK TABLES `test_user` WRITE;
/*!40000 ALTER TABLE `test_user` DISABLE KEYS */;
INSERT INTO `test_user` VALUES (2,2,1,20,'2022-04-11 12:30:05','2022-04-11 12:30:05'),(3,2,1,50,NULL,NULL),(4,2,3,10,NULL,NULL),(6,2,3,10,NULL,NULL),(7,2,3,0,NULL,NULL),(8,2,3,0,NULL,NULL),(9,2,3,0,NULL,NULL),(15,2,3,20,NULL,NULL),(16,2,3,100,NULL,NULL),(18,2,1,70,NULL,NULL),(19,2,1,20,NULL,NULL),(20,2,1,30,NULL,NULL),(21,2,1,30,NULL,NULL),(22,2,1,0,NULL,NULL),(23,2,1,10,NULL,NULL),(24,2,6,58,NULL,NULL),(25,2,1,30,NULL,NULL),(26,2,3,30,NULL,NULL),(27,2,1,10,NULL,NULL);
/*!40000 ALTER TABLE `test_user` ENABLE KEYS */;
UNLOCK TABLES;

--
-- Table structure for table `tests`
--

DROP TABLE IF EXISTS `tests`;
/*!40101 SET @saved_cs_client     = @@character_set_client */;
/*!40101 SET character_set_client = utf8 */;
CREATE TABLE `tests` (
  `id` bigint(20) unsigned NOT NULL AUTO_INCREMENT,
  `test_name` varchar(30) COLLATE utf8mb4_unicode_ci NOT NULL,
  `submodule_id` bigint(20) unsigned DEFAULT NULL,
  `created_at` timestamp NULL DEFAULT NULL,
  `updated_at` timestamp NULL DEFAULT NULL,
  PRIMARY KEY (`id`),
  KEY `tests_submodule_id_foreign` (`submodule_id`),
  CONSTRAINT `tests_submodule_id_foreign` FOREIGN KEY (`submodule_id`) REFERENCES `sub_modules` (`id`) ON DELETE CASCADE ON UPDATE CASCADE
) ENGINE=InnoDB AUTO_INCREMENT=7 DEFAULT CHARSET=utf8mb4 COLLATE=utf8mb4_unicode_ci;
/*!40101 SET character_set_client = @saved_cs_client */;

--
-- Dumping data for table `tests`
--

LOCK TABLES `tests` WRITE;
/*!40000 ALTER TABLE `tests` DISABLE KEYS */;
INSERT INTO `tests` VALUES (1,'Fiction Text Types',1,'2022-04-06 11:46:28','2022-04-06 11:46:28'),(3,'Setting',2,'2022-04-06 12:03:52','2022-04-06 12:03:52'),(6,'Learner Type',NULL,'2022-04-10 16:39:24','2022-04-10 16:39:24');
/*!40000 ALTER TABLE `tests` ENABLE KEYS */;
UNLOCK TABLES;

--
-- Table structure for table `users`
--

DROP TABLE IF EXISTS `users`;
/*!40101 SET @saved_cs_client     = @@character_set_client */;
/*!40101 SET character_set_client = utf8 */;
CREATE TABLE `users` (
  `id` bigint(20) unsigned NOT NULL AUTO_INCREMENT,
  `name` varchar(20) COLLATE utf8mb4_unicode_ci NOT NULL,
  `email` varchar(255) COLLATE utf8mb4_unicode_ci NOT NULL,
  `email_verified_at` timestamp NULL DEFAULT NULL,
  `password` varchar(255) COLLATE utf8mb4_unicode_ci NOT NULL,
  `two_factor_secret` text COLLATE utf8mb4_unicode_ci DEFAULT NULL,
  `two_factor_recovery_codes` text COLLATE utf8mb4_unicode_ci DEFAULT NULL,
  `remember_token` varchar(100) COLLATE utf8mb4_unicode_ci DEFAULT NULL,
  `user_type` enum('admin','teacher','user') COLLATE utf8mb4_unicode_ci NOT NULL DEFAULT 'user',
  `profile_photo_path` varchar(2048) COLLATE utf8mb4_unicode_ci DEFAULT NULL,
  `learner_type` enum('reading','auditory','visual','kinesthetic') COLLATE utf8mb4_unicode_ci DEFAULT NULL,
  `current_team_id` bigint(20) unsigned DEFAULT NULL,
  `created_at` timestamp NULL DEFAULT NULL,
  `updated_at` timestamp NULL DEFAULT NULL,
  PRIMARY KEY (`id`),
  UNIQUE KEY `users_email_unique` (`email`)
) ENGINE=InnoDB AUTO_INCREMENT=6 DEFAULT CHARSET=utf8mb4 COLLATE=utf8mb4_unicode_ci;
/*!40101 SET character_set_client = @saved_cs_client */;

--
-- Dumping data for table `users`
--

LOCK TABLES `users` WRITE;
/*!40000 ALTER TABLE `users` DISABLE KEYS */;
INSERT INTO `users` VALUES (1,'Admin','admin@email.com',NULL,'$2y$10$XEAJRmqvy4yZY48caaDDHuadP95oZxpva8SOLRX/9c9YW8g8jBD5S',NULL,NULL,NULL,'admin',NULL,NULL,NULL,'2022-04-06 11:47:15','2022-04-06 11:47:15'),(2,'User','user@email.com',NULL,'$2y$10$C47QVbrzhktRSQ2ccP7RnuyxIc6ga/QZHwu3CyzZqMV5yiLpR0qYe',NULL,NULL,NULL,'user',NULL,'auditory',NULL,'2022-04-06 11:47:30','2022-05-01 20:10:53'),(3,'Teacher','teacher@email.com',NULL,'$2y$10$uadxjz4ZAxZTXiG2vx.NcOHdEHAS0X9KM8T11GB.cayijU3PrvOmO',NULL,NULL,NULL,'teacher',NULL,NULL,NULL,'2022-04-06 11:47:49','2022-04-29 14:17:08'),(4,'User2','user2@email.com',NULL,'$2y$10$mpfFbbPhlogIjt0.S5Pu8u4unNMPv1WCrvO0a.lFMfDKwV8mJjroa',NULL,NULL,NULL,'user',NULL,NULL,NULL,'2022-04-29 12:07:24','2022-04-29 12:08:53');
/*!40000 ALTER TABLE `users` ENABLE KEYS */;
UNLOCK TABLES;

--
-- Table structure for table `verification_requests`
--

DROP TABLE IF EXISTS `verification_requests`;
/*!40101 SET @saved_cs_client     = @@character_set_client */;
/*!40101 SET character_set_client = utf8 */;
CREATE TABLE `verification_requests` (
  `id` bigint(20) unsigned NOT NULL AUTO_INCREMENT,
  `place_of_teaching` varchar(30) COLLATE utf8mb4_unicode_ci NOT NULL,
  `years_experience` int(11) NOT NULL,
  `status` enum('submitted','approved','rejected') COLLATE utf8mb4_unicode_ci NOT NULL,
  `user_id` bigint(20) unsigned NOT NULL,
  `created_at` timestamp NULL DEFAULT NULL,
  `updated_at` timestamp NULL DEFAULT NULL,
  PRIMARY KEY (`id`),
  KEY `verification_requests_user_id_foreign` (`user_id`),
  CONSTRAINT `verification_requests_user_id_foreign` FOREIGN KEY (`user_id`) REFERENCES `users` (`id`)
) ENGINE=InnoDB AUTO_INCREMENT=12 DEFAULT CHARSET=utf8mb4 COLLATE=utf8mb4_unicode_ci;
/*!40101 SET character_set_client = @saved_cs_client */;

--
-- Dumping data for table `verification_requests`
--

LOCK TABLES `verification_requests` WRITE;
/*!40000 ALTER TABLE `verification_requests` DISABLE KEYS */;
INSERT INTO `verification_requests` VALUES (1,'University of Huddersfield',10,'rejected',2,'2022-04-08 13:46:21','2022-04-26 23:28:43'),(2,'University of huddersfield',10,'rejected',2,'2022-04-26 21:56:29','2022-04-27 00:11:49'),(3,'University of huddersfield',20,'rejected',2,'2022-04-26 23:41:11','2022-04-27 00:11:55'),(4,'University of huddersfield',50,'rejected',2,'2022-04-26 23:41:15','2022-04-27 00:11:58'),(5,'University of huddersfield',4,'approved',2,'2022-04-26 23:41:19','2022-04-29 11:18:15'),(6,'University of huddersfield',5,'rejected',2,'2022-04-26 23:41:22','2022-04-29 18:43:54'),(7,'University of huddersfield',25,'rejected',2,'2022-04-26 23:58:24','2022-05-01 20:07:33'),(8,'University of huddersfield',10,'submitted',2,'2022-04-29 11:18:03','2022-04-29 11:18:03'),(9,'University of huddersfield',100,'submitted',2,'2022-04-29 18:24:40','2022-04-29 18:24:40'),(10,'University of huddersfield',12,'submitted',2,'2022-05-01 19:43:11','2022-05-01 19:43:11'),(11,'University of huddersfield',20,'submitted',2,'2022-05-01 20:04:32','2022-05-01 20:04:32');
/*!40000 ALTER TABLE `verification_requests` ENABLE KEYS */;
UNLOCK TABLES;
/*!40103 SET TIME_ZONE=@OLD_TIME_ZONE */;

/*!40101 SET SQL_MODE=@OLD_SQL_MODE */;
/*!40014 SET FOREIGN_KEY_CHECKS=@OLD_FOREIGN_KEY_CHECKS */;
/*!40014 SET UNIQUE_CHECKS=@OLD_UNIQUE_CHECKS */;
/*!40101 SET CHARACTER_SET_CLIENT=@OLD_CHARACTER_SET_CLIENT */;
/*!40101 SET CHARACTER_SET_RESULTS=@OLD_CHARACTER_SET_RESULTS */;
/*!40101 SET COLLATION_CONNECTION=@OLD_COLLATION_CONNECTION */;
/*!40111 SET SQL_NOTES=@OLD_SQL_NOTES */;

-- Dump completed on 2022-05-03 18:55:02
